{"b30":0.8976534120085969,"b50":0.8755181598302809,"b90":0.9083000320117319}