main_mode,user
pt,0.39817910774050397
bike,0.2197728757291537
car,0.2303877524396695
ride,0.09882073740585559
walk,0.3989282280381705
