id,offstreet_spots
-1000303428,4
-1002247009,52
-1002828338,21
-1006784427,4
-1008241161,12
-1008241164,11
-100832885#3,5
-100832885#5,4
-1008835856,45
-1009116415,5
-1009306054,4
-1011412279,387
-1011831389,11
-1012346274#0,11
-101290092,19
-101290094#4,5
-101290094#5,39
-101290099,21
-101290100#0,4
-101290100#1,6
-1017368408,4
-1017767538#1,120
-1017793692#0,16
-1017821052,199
-1018192460#0,22
-1018533067,1
-1020500893,31
-1020756737,86
-1020977670,30
-1022434817#3,50
-1022434821#2,149
-1023990738,7
-1024040656#2,64
-1024043830,3
-102486231#2,122
-102486258,42
-102486268,7
-1025072174,105
-102527800,5
-102532387#0,45
-102532387#3,83
-1025578613,17
-1025815830,43
-10258834#1,50
-10272252,270
-10276231,225
-1028649446,11
-103012039#2,7
-10303507,220
-10303802#1,102
-10307356#1,199
-10307356#2,56
-103096147#2,68
-103141587#2,15
-1031696076#2,37
-1031838775,12
-1032351190,5
-103258836,27
-1033550893,111
-103406017#0,20
-103453514#0,147
-1034811168,97
-103499522#2,44
-103502697#0,33
-103502697#2,28
-103502697#3,21
-1035033626,21
-1035591892,14
-1035909461,90
-1036185119#2,88
-1036709237#0,14
-1036788070#2,30
-103844045,128
-1039422507,24
-1039459374,4
-1039463851#2,25
-1039584767,27
-1040630269,158
-1040750487#1,79
-1040930907,13
-1041455676,63
-1041502976,81
-10416383,19
-1041693599#0,63
-10422536#0,283
-1044393270,8
-1044651348#0,3
-1044818306#0,19
-1044819397,29
-1044820084,4
-1047402016,90
-1047407765,59
-1047410447,17
-1050276922,62
-1050506145#1,11
-1050523243,12
-1050686766,106
-1050737605,82
-1050922333#2,12
-1051812339,15
-1052024921,28
-1052527295#0,12
-1052757284,60
-1052939315,393
-1052940882,33
-1054720881#0,14
-1054727262,7
-1054748135,4
-1054775532,85
-1054776565,10
-1054783030,15
-1055082836,533
-1055085509,5
-1055187506,20
-1055297757,46
-1055301407,20
-1055413927,59
-1055414262,28
-10559163#0,12
-1057183597#2,77
-1057538106,18
-1057557985#2,10
-1057576180#1,12
-1057578010,18
-1057635874#0,110
-1057705993,256
-1057986367,82
-1057995229,16
-1058153679#0,7
-1058154242#0,5
-1058166479#0,4
-1058166660,17
-1058216273#0,20
-1058548817,4
-106063788,4
-1060659769#0,89
-1061047730,7
-10616488,23
-1062556377,46
-1064806684,7
-1064812115,50
-1066219245#1,102
-106796067,44
-1067984548,59
-106838214#1,406
-106838216,30
-10687028,12
-1069850884,285
-10699691,9
-1071216649#1,31
-1071954561,109
-1071968533,12
-1072685941,10
-1073531797,48
-1074096510#0,52
-10749740#0,28
-10749740#1,10
-1075528616,499
-10755765#5,3
-1076056354,14
-1077057451,35
-10774519#1,58
-107747046,14
-1077510441#0,24
-10776579#0,2
-10776740#3,17
-1077708848,78
-10781127#1,67
-1078983583#2,34
-1079054090,32
-1079227983,55
-1079228518,66
-1079247911,9
-1079440909#2,8
-1079700904#5,6
-1079762775,2
-1079762778#1,4
-1079762805#0,12
-1079762805#2,5
-1080299689#2,10
-1080299809#3,29
-1080530933#1,203
-1080947233#0,72
-1081089262,4
-1081328158,198
-1081624466,25
-1081624486#2,9
-1082168181,30
-1082503410#0,75
-1082503411#3,82
-1082675635,427
-1083226619#0,36
-1083346206,18
-1083506538,2
-1083617993,11
-1083744840#2,32
-1083949099,20
-1083977916#2,16
-1083979972#1,85
-1084265502,82
-1084267037#2,32
-1084426410#2,37
-108457516#0,3
-1084653605#2,4
-1085132033#0,32
-1085753888,14
-1085775716#5,25
-1085840060#1,29
-1086217583#1,185
-1086432672,46
-1087443834,49
-1087444217#1,42
-1087718444,69
-1087803758,460
-1087910405,122
-1087932371#0,27
-1088033150,74
-1088316480,395
-1088316481,47
-1088320793,90
-1088331562,9
-1088355369,66
-1088355370,47
-1088874803,72
-1088883067#1,27
-1088965880#0,70
-1089097983,18
-1089457022,46
-1089672834#2,46
-1089694882,3
-1089696695,60
-1089699908#2,121
-1089726114,192
-1089751350,15
-1089751371,16
-1089751377#2,27
-1089814423,11
-1090149873,21
-1090233551,31
-1090738971#2,130
-1090809734#2,4
-1090950860,49
-1090997276,183
-1091024215,105
-1091697620,4
-1091804127,22
-1091866611,14
-1092194756#2,42
-1092204225,7
-1092460782,81
-1092634269,5
-1092645063,12
-1092669931,72
-1092937450#1,25
-1093045352#3,28
-1093094003,106
-1093296103,20
-1093431681,92
-1093431684,19
-1093549448#0,67
-1093549448#1,25
-1093565984,11
-1093740391,3
-1093767401,21
-1093907101#1,5
-10942985,29
-10943732#1,37
-10947989,62
-10948806#2,15
-1095395142#0,29
-109541372,4
-1095644105,5
-1095763091,76
-1095918847#0,7
-1095918847#1,52
-1096666764,48
-1096751625,14
-109694466#1,53
-1096956259,57
-1097160403,34
-1097263684,13
-1097289892,73
-1097304411#2,12
-1097469171#2,16
-1097702893,10
-1097940652,22
-1097989450,15
-1098372960,19
-1098447838,17
-10995390#0,59
-1099616371,17
-1099616797#1,9
-1099617065,61
-1100646850,67
-1100677352,22
-1100713915,8
-1100726698,10
-1100784732#1,106
-1100785868,16
-1100787594,22
-1100791905#1,8
-11008433#2,5
-11008510,4
-11009179,22
-11009381#0,6
-1101007793#1,100
-1101010197,4
-1101060885#1,8
-1101061001,18
-1101061545#1,31
-1101062305#1,43
-1101064703#1,17
-1101064736#1,16
-1101065038#1,13
-1101065646#1,18
-1101065798#1,4
-1101066232,10
-1101072355#1,15
-1101185157,32
-1101185626,17
-1101200759,51
-1101202244,1
-1101202374#1,21
-1101287654,10
-1101406286,21
-1101407072#1,29
-1101408691#1,5
-1101475116,59
-1101555370,9
-1101972586#2,14
-1102323798#1,19
-1102343184,63
-1102356546,6
-1102369975,4
-1102371548#2,25
-11025291#0,13
-11025429,19
-1102606774,19
-1102675580#0,20
-1102675943,13
-1102680115,116
-1102685350,9
-1102710193#1,15
-1102794395,45
-1102901550,55
-1102937733#0,116
-1103167081,147
-1103225633,2
-1103787579,36
-1104395310,23
-110450332,55
-1105547448,2
-1105574291,26
-1105576712,86
-1105626007#3,21
-1105626007#9,14
-1105626008#2,23
-1105631679#0,18
-1105750143,52
-1105750144#0,9
-1105815307,3
-1105816337,75
-1105894358#5,18
-1106096664,12
-1106099219,12
-1106126914,16
-1106822254,27
-1107010570#0,19
-1107024925#1,20
-1107025404,11
-1107180836#0,12
-1107180839#0,63
-1107180844#2,54
-1107180848,13
-1107180849,31
-1107180851#6,9
-1107334268#0,40
-1107334268#1,10
-1107418305#2,125
-1107692240,117
-1107753957#0,22
-1107953483,56
-1108161978,31
-1108164794,38
-1108518927,65
-110863066#3,59
-1109051804#0,17
-11093284#1,12
-11093314,94
-1109690555#0,33
-1109690555#1,25
-1109690559,38
-1110073693,34
-1110075688,35
-1110381402,10
-1110381758,74
-1110388547#2,14
-1110388623#2,4
-1110415990#3,17
-1110508225,25
-1110729239,39
-1110773561#0,21
-1110773568,12
-1111529726,22
-1112064175#1,84
-1112201505,124
-1112422931,9
-111265282#0,59
-111283473#0,228
-111283473#1,11
-1113041654,104
-1113111988,31
-1113396559#0,2
-1113537198,31
-1113537200,87
-1113560176,1
-1113560183,22
-1113582024,6
-1113678933#0,3
-1114812193#0,60
-1114913206,6
-1114997736,33
-111531489,114
-1115471928#1,5
-1115511593,6
-1115698052,6
-1115709523#0,66
-1115710842#0,47
-1115711327,11
-1115713073,98
-1115713105#0,15
-1116272447,17
-1116980485#1,15
-1116986933#0,60
-1116988864,10
-1117199987,133
-1117261269,24
-1117347863#2,62
-1117478686#0,12
-1117614486,61
-1117643774,35
-1117643777,180
-1117738713#0,41
-1117801811,16
-1117877794#2,14
-1117885425,4
-1117926298,37
-1118014648,37
-111812579#4,50
-1118174956,5
-1118617267,16
-111861870,53
-1119243826,13
-1119595644,27
-1120345887,94
-1120408015,88
-1120414698#1,13
-1120414698#2,18
-1120546335,3
-1120755966,3
-1120756056,10
-1120853672,16
-1120862993#0,32
-1122589165,70
-1122765069,11
-1122766659,7
-1122774357#1,8
-1122782774,30
-1122784751,9
-1123458705#0,11
-1123734499,26
-1123801423,54
-112408881#2,11
-1124344236,121
-112442432,3
-1124764663,6
-1124986520,24
-1124992786,10
-1125003577,20
-1125226903,26
-1125735308,14
-1125836413#0,50
-1125846680#0,9
-1125915764#0,9
-1125915771#0,15
-1125915772,45
-1125925845#2,69
-1125941202,4
-1125941440,14
-1126011205#0,104
-1126236181#3,24
-1126357218,11
-1126357221#0,17
-11344525,38
-11375563,10
-11376999,17
-11389403#1,6
-11405307#3,54
-11405329#1,16
-11405511#0,10
-11405545#0,12
-11405545#3,27
-11405744#1,14
-11406684,10
-114381360#2,1
-114381453,26
-114433838,14
-114579496,7
-11644202#0,74
-117455644#0,259
-117455644#1,68
-117765488,5
-118635982#0,147
-119201840#2,6
-119201843#3,13
-11923627#2,19
-11929567#2,136
-119871489,10
-11993435#1,17
-120633878#2,17
-120675240#2,17
-121024652,567
-123046107,16
-12305962#2,16
-123152818,36
-123951385#2,38
-123951390#1,30
-123957197#2,7
-125190488,80
-125295349,11
-125955238,34
-12622286,13
-126264490#0,48
-126264491#3,11
-126559272#0,11
-126776805,51
-126833945,121
-126833947#0,13
-126833947#2,23
-127054759#4,15
-127054760,59
-127791541,7
-12817581,18
-128266208,56
-128276155,4
-128406003#0,251
-128445127#1,10
-128978595,9
-129953984,2
-131509860,11
-131834986#1,8
-13236305,17
-132645611#0,7
-133988451,19
-133988495#2,28
-133988505,6
-135777011,19
-135777013#4,9
-135777022#0,27
-135887713,6
-136024345#3,105
-136086628,6
-13621313,29
-13628162,67
-136699502,6
-136699504,119
-136814967,57
-136892620,15
-136892623,64
-137071144,37
-137499661,4
-137685678#0,19
-137685678#1,12
-137685680#1,15
-137685680#7,22
-137685684#2,70
-137720668,3
-13782288#1,11
-138515677#0,18
-138515677#1,157
-138515677#3,12
-13853633#3,8
-13853647,15
-138624452#2,42
-138988452,37
-140244087#0,75
-14025489,76
-14029900#0,44
-14029900#1,7
-140336718#0,13
-140336718#1,78
-14038926,27
-140648431#2,21
-140656352,170
-140914766,77
-140964910#1,20
-141128588,25
-14118453,5
-14126967,9
-14127262#1,5
-14146636,19
-141575942#6,3
-141804253#0,13
-141806548,15
-141968830#1,29
-141968897#0,19
-142062901#0,9
-142062901#1,15
-142064614#0,11
-142161211#5,9
-142161211#8,18
-142161213,5
-142571958#1,13
-142575087#2,95
-142575656#0,80
-142575661#1,88
-142575674#3,1
-142575677#0,337
-142575684#2,24
-142575688#1,38
-142575690#0,88
-142575694,21
-142575699#0,205
-142575700,18
-142575701,18
-142575702#0,16
-142575702#1,10
-142575704#1,31
-142575704#4,18
-142575709,29
-142576835#0,6
-142593458,3
-142594115,23
-142721904#0,16
-142721905#0,21
-142810575#3,105
-142964434#1,15
-142964440#2,31
-143308505,30
-143308521#1,10
-143308521#2,22
-143308562#0,9
-14369669#1,23
-144128719#0,22
-14439904,46
-14471014#0,12
-14471014#8,21
-14471021#0,6
-14471022#0,33
-14471023#1,34
-14471023#2,17
-14471023#3,27
-14471026,99
-14471028#1,28
-14472210#0,17
-14472760#1,14
-144884824#6,40
-144887742,4
-144909690#1,63
-144909694#0,84
-144909694#2,104
-144945039#3,65
-145009991#2,35
-145055197#3,63
-145486353,8
-145586617#0,152
-145586617#1,24
-145586617#2,10
-145586623,32
-145671826#1,20
-145671846,112
-145795392,6
-145795402,21
-145795412,11
-145933306#0,8
-145933306#8,25
-146170261,214
-146384555,47
-14648925#0,17
-14648926,11
-14648934,15
-14648938#2,12
-146511456#1,24
-146511456#2,15
-14652679#3,24
-14652681,19
-14652695,12
-146851765,10
-146911424,226
-147061003#1,3
-147061004,6
-147163380,27
-147432268,41
-147470064#2,17
-147615858,36
-147615860#2,5
-147664165,21
-14771586#2,59
-147717015,8
-147948799#2,8
-147970915#4,22
-148035228#1,5
-148035530,27
-148074488#0,11
-148074488#1,57
-148074488#2,132
-148083732#1,100
-148083732#2,16
-148085112,7
-148086366#0,32
-148086367#0,17
-148086369#0,44
-148086369#2,13
-148090086#4,76
-148091027,6
-148288810#0,33
-148288887,42
-148288888,4
-148295053,13
-148295312#1,104
-148301557,21
-148304354#0,97
-148305612#3,10
-148308465#1,17
-148326359,55
-148331037#3,19
-148521790#1,15
-148614159#0,13
-148626871#2,19
-148631575,6
-148631586,19
-148631925,34
-148666420#5,16
-148666653,14
-148671104#0,15
-148700326,11
-148708810#0,76
-148789442#5,5
-148789444#1,37
-148789444#2,15
-148803147,38
-148808638#0,57
-148808638#1,29
-148808648#3,45
-148809345,32
-149522099#0,43
-149522099#1,43
-149522099#2,15
-149522099#6,52
-149522550#2,24
-149611534,14
-149614353,1
-149849309,29
-149849312#0,14
-149849320#1,30
-149849709#0,13
-149849709#1,11
-149992813,22
-149994029#0,6
-150057235#3,74
-150066312#2,40
-150295648,12
-150398444,83
-150512436#3,19
-150512735#1,16
-150512829#1,110
-150514947#3,21
-150519560,12
-150685494,36
-151020311#0,59
-151022182,14
-151043578#7,5
-151353910#3,143
-151353915,61
-151353923#3,14
-151353934#0,25
-151353934#1,30
-151354728#1,10
-151354728#2,146
-151354736#1,47
-151355528#1,21
-151368584,4
-151369411#1,153
-151370250#0,73
-151456841#0,13
-151457917,25
-151465251#0,27
-151465251#4,104
-151465258,19
-151465278,9
-151526149#1,39
-151571111,50
-151618244#1,6
-151618244#12,48
-151618244#2,10
-151618244#8,8
-151618245#0,17
-151618247,14
-151618882#0,23
-151618888,10
-151618891,23
-151619286#1,28
-151619640#0,10
-151627026,4
-151742395#2,13
-151742472#1,6
-151742487,28
-151742533#2,18
-152177246#0,50
-152201909,14
-152258340#1,143
-152258358#2,17
-152258358#3,7
-152264789,53
-152264795,3
-152267860#0,12
-152343390#0,10
-152343393#0,7
-152354555#1,12
-152354600#5,120
-152354673,56
-152354689#1,51
-152434842#0,16
-152466390,33
-152466416,7
-152495050,4
-152593434#0,28
-152593441,6
-152593448#2,25
-152596640,8
-152596648,55
-152699780,80
-152863256,18
-152863274#0,4
-152863346#6,1
-153260655,12
-153260679#0,28
-153260697#0,14
-153372178,88
-153604256#1,2
-153604268,40
-153617353,17
-153750715#0,10
-153750715#1,4
-153947834,23
-153947855,31
-153959868#0,47
-153959890#2,20
-153959911#0,5
-153959915,4
-153959936#2,22
-154381204#2,88
-154381224#0,20
-154686474#1,103
-154686476,11
-154837267#4,127
-154837273,15
-154837277#0,18
-154837300#0,29
-154838410#0,19
-154946523,28
-155071540,29
-155586422,40
-155586445#0,24
-155594942#0,10
-155594947,8
-155594948,7
-155594966,78
-155594970#1,8
-155594984#0,15
-155594984#1,4
-155594998#1,12
-155595000,58
-155595019,4
-155595021,9
-155605278#0,73
-155605278#1,7
-155605279#2,6
-155605298,30
-155605334,8
-155605352#0,33
-155605353,10
-155605363#0,14
-155605363#1,4
-155605364,2
-155629813#0,7
-15564868,34
-155829539,8
-156314744,49
-156314745#3,13
-156346039#0,31
-156346040#2,11
-156346044#0,30
-156346046#0,93
-156346049#0,83
-156346066#1,36
-156346071#1,18
-156346078#2,79
-156346082#2,23
-156346083#2,5
-156346083#3,57
-156346084#1,19
-156346087#0,34
-156346087#1,6
-156346099#0,50
-156346109#0,15
-156350661#1,13
-156350662#0,10
-156350666#0,18
-156350689,26
-156350691#0,9
-156350691#1,6
-156350706#1,35
-156350709#1,97
-156579463#0,22
-156579467#0,51
-156579467#1,71
-156579469#4,13
-156579473#0,35
-156579474,14
-156579477,8
-156597527#0,18
-156597535#3,38
-156597542,22
-156597548,24
-156817982#2,20
-157044919#0,26
-157110895#3,32
-157449747,25
-157597999#1,11
-157669323,8
-157717100,16
-158184094,20
-158579651#2,8
-158579656#2,6
-158580757#2,9
-158580766#0,22
-15920077#0,35
-15926759,11
-160120060,35
-160130955,41
-160131077#1,69
-160578059#3,22
-160765449,8
-160818099#0,12
-16141447#0,16
-161677833,14
-161677835#0,5
-161677838,54
-161677842#2,59
-161755130#2,27
-161777868#1,22
-162120177#1,233
-16275161#0,38
-16307590,18
-16307914,30
-16308100,4
-16308412#0,27
-16308639,57
-16308802#0,56
-163196852#2,45
-163209068#2,15
-163209069#0,25
-163209201,108
-163379149,11
-163607786#1,110
-16416877#2,7
-16416877#5,18
-16416877#6,7
-16417777,10
-16417969#0,10
-16417969#1,10
-16418132,12
-16418363#1,4
-16418546#1,17
-16418546#2,7
-16418546#3,3
-16418546#4,9
-16418700,37
-16419109#0,32
-16419109#1,29
-16419289#1,6
-16419437,29
-16419590#0,7
-16419590#1,5
-16419794,4
-16420680,54
-16420774,14
-16421057#0,33
-16421204#0,34
-16421204#1,38
-164244548,15
-164874299#0,9
-164927484,23
-165842689,65
-165885550,35
-165940365,118
-165940366#0,18
-165951045#0,15
-166645719#9,22
-166645720#2,17
-167070931#0,21
-16750370#2,32
-16750375,2
-16756591,19
-167650971,19
-16769178,70
-168890013#2,17
-169076559#0,11
-169753571,20
-169753576#0,13
-169760010#5,49
-170149081#1,17
-171046613,64
-171672073#0,39
-171867090#0,72
-172014854,27
-172078684,20
-172219124#2,48
-172219124#3,16
-172219124#6,13
-172219133#0,3
-172219133#4,3
-172243641,16
-172248643#0,13
-172403418#0,8
-172425896#2,44
-172535407#0,22
-172561912,50
-172780076#2,56
-172843719#0,31
-172844044,31
-172920331,10
-172921853,68
-172922876,35
-172959776#1,59
-173210316#2,58
-174182908#0,15
-174182916,48
-174907146,74
-175081981#0,17
-175298126#1,116
-175569520,35
-175574445#1,25
-175736260#2,1
-175744669#4,10
-175788230#1,20
-175912412,9
-175916577#0,11
-175916644#2,25
-176019867#1,18
-176050262#1,12
-176050263#0,47
-176050263#2,239
-176050268#1,32
-176050273,5
-176050278,32
-176050279#0,37
-176050279#1,49
-176089775,871
-176213808#4,25
-176338608,41
-176621902#2,23
-176621932,50
-176753803,30
-177146163#3,8
-177615722,12
-177839806#0,106
-177839806#1,17
-177839808,74
-178253966,124
-178427798,9
-178482293,94
-179164044#0,27
-179404218#0,23
-179404218#2,11
-180442271,5
-180952487,10
-181092057#2,12
-181407580#7,35
-181468992,21
-182331748#1,106
-182575045,2
-182600492#0,18
-182782708#3,6
-182782708#4,92
-182859952,76
-183076346,34
-183255748#1,40
-183346840#0,16
-183346840#2,73
-183346850#1,101
-183346853#1,59
-183614197#0,30
-183640394#3,43
-183765247#0,6
-183790893#2,18
-184119642,6
-184213172#1,19
-184213172#2,26
-184453350,102
-18467854#2,22
-18467854#4,97
-184792423,19
-184792424#2,26
-184873899,17
-185569567,58
-185570453#0,5
-185779390,51
-185897613,8
-18631699#5,11
-18652308#0,29
-18758681,5
-187651222#2,30
-18830956#2,10
-188467885#2,166
-188691973,13
-188865521,13
-188865522,5
-188866873#2,5
-189033370#2,27
-18908134#0,1
-190083616,145
-19064221,6
-190701274#2,32
-190964860,89
-191256029,12
-191529699,37
-191630981,59
-191731514#0,66
-191731514#1,32
-19200525,10
-19200527#3,49
-192204863,61
-192505645,81
-193373939,4
-193572045,37
-193753604,51
-193856554#4,10
-193875628#3,5
-19394863,14
-19394866,19
-19394869#0,21
-19394870,20
-19394874,24
-19402895,6
-19402906,116
-19402922#0,9
-19402926,24
-194058539#2,61
-19431337#0,14
-19431372,37
-19431482,4
-19431915#0,4
-19431915#1,5
-19433195,9
-19433427,7
-19435555#1,3
-19435555#2,23
-19435640,8
-195104960,58
-195327122,16
-195327171#0,184
-195332174,12
-195337819,33
-195396731#1,36
-195418554,95
-195439132#0,126
-195441525,31
-195441529,69
-195441536,27
-19589130#0,16
-196522674,3
-19660028#4,7
-196961376#2,15
-196961376#7,50
-197740392#0,7
-19794871#1,40
-19800045#2,12
-19800239,3
-19822677,127
-19822683,7
-19827981,9
-198375753,73
-198585459#0,89
-198597173,74
-19875855#0,11
-19875855#2,41
-19881555,5
-19898272#3,32
-19898272#7,19
-200767356,15
-200767368,171
-200767370,21
-200767372,59
-200767375,68
-200775246#2,76
-20135894,217
-20163728#0,25
-201855152#0,45
-201855152#3,8
-20207501#3,14
-20207504,9
-20209202,13
-202499433,12
-202499434#1,127
-202499434#2,123
-203450551#2,7
-203910774,11
-203910777#1,14
-203910783#0,9
-203910783#1,8
-203910783#2,5
-203910792#1,16
-203912352,9
-20425707#0,85
-20430927#0,83
-20430927#1,179
-20431210#0,67
-20431210#1,53
-20431561#2,71
-20550460#0,91
-205505801,24
-20553068#1,12
-206579061,11
-206807723#1,10
-208089047#3,61
-208580239#0,18
-209262337#1,19
-209264200#1,28
-211118711#2,29
-212452093,14
-21261603#0,50
-214715809#0,10
-214717427#0,38
-21520009,6
-21603695,12
-21603801,81
-217386887,54
-21759542,203
-217631783#2,23
-217631783#5,13
-217878977#0,9
-21848453,29
-21852048,19
-219081831#1,11
-219558868,8
-219786362#0,7
-22026604#10,33
-22061888,9
-220911301#2,8
-22093491,113
-221353107,25
-221747787,7
-22281062#0,16
-223136037,20
-223162197#0,15
-223188529,17
-223188531,16
-223513152,68
-22381928#3,22
-224653017#2,117
-224654575#1,5
-224731112,55
-22491301,14
-22495016,11
-22495096#1,27
-22495096#3,32
-22566501#3,38
-22566537,15
-225969932#0,68
-22701544,11
-22721671#0,6
-22731145,49
-22733225#0,19
-22733225#2,49
-22733267,38
-22733459#0,6
-22733496#6,19
-22768993,8
-22768995,6
-22823712#1,14
-22823712#2,21
-228335467#2,133
-228335467#3,9
-228498044,6
-22874227#2,1
-22875145,92
-22875216,24
-22875391#1,17
-22875655,5
-228838258,57
-22910099,80
-22942678#0,27
-22955116#2,36
-22956597#1,35
-22956642#1,26
-22956754#0,8
-22956997,143
-22957980#2,17
-22959737#0,3
-22959737#1,18
-22972469#2,10
-22973174#1,6
-22973462,18
-22981795,22
-22984336#0,25
-229990467,10
-23006254#3,102
-23008699#0,173
-23009527#0,26
-23018320#1,33
-23018322,31
-23041831#1,46
-23044858#0,29
-23044976,22
-23049477#2,72
-23083757,41
-231019450#0,8
-231019450#2,25
-23108814#1,10
-23108814#3,15
-23108816,23
-23109088#2,8
-23121641#0,3
-23121641#1,10
-23157256#0,30
-231883017#2,13
-231883017#5,10
-231887171#2,7
-23197084,10
-23200609#3,272
-23209854,37
-23209857,13
-23227198#0,96
-23243508#0,38
-23243508#5,40
-23249210,15
-23287112,19
-23319060,11
-233363038,11
-23368773,7
-23381668#2,13
-23382155,71
-233835642,87
-23389632,12
-23389981#0,63
-23389981#1,4
-23398380,32
-23398383#0,90
-23404069,10
-23410006,49
-23410022,9
-23410054#0,23
-23410054#1,11
-23410060#0,14
-23410060#2,44
-23410060#3,10
-23410061#0,48
-23410061#1,63
-23410064,14
-23410070#1,68
-23410099,20
-23410100,59
-23411693,4
-23411696#3,7
-23424425,7
-23424483,10
-23424609#0,52
-23424609#2,8
-23436566#1,51
-23436566#3,83
-23436571,20
-23485319,28
-235047941,70
-23532154,14
-23532560,20
-23536577,59
-23536762,13
-23547470,34
-23547510,23
-23547538,19
-236000457#2,38
-23609110#0,8
-23724738,24
-23734218#0,118
-23735661#2,20
-23738640#13,89
-23738640#5,8
-23738640#8,16
-237483985,8
-23788384#0,71
-23788388,49
-23788436#0,11
-238070963#0,78
-238070963#1,66
-23815732,10
-23817858,82
-23859378#0,7
-23859378#2,4
-23859379,10
-23859440#2,24
-23859441#1,16
-23859711,143
-23863059,4
-23881563,83
-23882013#0,59
-23899000,46
-23900293,20
-239020572#1,21
-239020851,16
-239020957#2,16
-23913523#0,13
-239310792#4,8
-23951216#0,9
-23968027#2,10
-23984495,4
-23984865#0,53
-23985463#3,21
-239874165#4,24
-240058497#1,10
-24026983#0,10
-24026983#1,99
-24028197#3,36
-24028197#4,147
-24028197#9,104
-24028718,11
-24029384#0,163
-24029384#3,23
-24029407,5
-24030535#1,23
-24030684#1,240
-24033321#1,43
-24033655#1,5
-24033673,50
-24035220#0,129
-24036553#0,35
-24036553#2,48
-240826352,31
-240959630,20
-240959635#2,132
-24159378#0,91
-24159378#1,51
-24159378#3,30
-24159914#0,24
-24159915,24
-24161945#2,8
-24162107#2,29
-24162124#0,40
-24180030,11
-241859198,5
-24204733#6,47
-24204822#0,22
-24209176#0,10
-24209176#2,45
-24209470,51
-24214232,15
-24214285#1,11
-24214694#1,78
-24215974,52
-24223515#8,5
-24227283,24
-242358895,129
-24242882,298
-24286718,8
-24304344,29
-24304462#1,28
-24305644#0,21
-24305644#3,10
-24320136,28
-24320141,31
-24325817,77
-24348697#4,5
-24381318,11
-24386903#0,7
-24495448#0,47
-245117960,44
-24555764#0,23
-24555764#1,54
-24560317#0,12
-24560321,24
-24580427,15
-24580456,3
-24594602#2,7
-246049141#3,17
-246049143#2,13
-24614144,224
-24614179,53
-24621801,17
-24622057#2,17
-24666391#2,81
-24700580#0,15
-247340732,14
-24756980#0,57
-24803495,23
-24804415,31
-24837127,22
-24877951#0,14
-24880738,155
-24900431#0,201
-24900431#2,132
-24951393,42
-24961509#10,13
-24966649,6
-24980582#2,156
-24986658#2,27
-24993933#2,19
-24997595,5
-25000104#3,19
-25029486#0,9
-25042578#1,9
-25042581,31
-25042583,7
-25042806,130
-25045163#0,3
-25045163#1,11
-25115162#2,56
-25121299,22
-25167733,24
-25179835#4,11
-25199872#10,36
-25205078#8,5
-25215876#1,42
-25219761#0,12
-25219762#0,117
-25271028#2,43
-25278602,104
-25278674#4,103
-25283278,8
-25296253#1,12
-25305306,62
-25307868#2,15
-25308380,140
-25316507#0,35
-25316507#1,41
-25317591#1,28
-25333956#1,6
-25358952#1,31
-25368395,14
-25368898#2,31
-25369037#2,34
-25374124,59
-25376552#2,14
-25378152,80
-25415937#0,11
-25415937#6,16
-25491786#1,79
-25491788,21
-25492149,34
-25500703,73
-25508124#2,22
-25514057#3,11
-25514293,34
-25514872#0,9
-25569511#4,4
-25628951,40
-256541565,14
-256542871,47
-25676026#2,36
-25676027,354
-25684229#0,48
-25697595#0,7
-25705166#0,49
-25706928#2,39
-25717487,68
-25721119,17
-25747503,10
-25747524,16
-25748835,15
-25759600#0,270
-25759600#3,350
-25771126,13
-25771472#1,9
-25775910,108
-25793163#1,299
-25793205,24
-25793230#3,9
-25796874,26
-25802008,10
-25814549#1,24
-25814981#2,6
-25815392,109
-25826375,70
-258538149,8
-25910521,58
-25929648,4
-25958770,150
-25999940#0,5
-26056008#2,5
-260589819,49
-26071043#0,9
-26122496,18
-26126009#1,6
-26139332,24
-26139426#1,47
-26139426#2,11
-26139457#2,67
-26141837#0,4
-26144482#3,32
-26236456#0,8
-263140195,2
-26321231#0,91
-26321231#1,20
-26338220#2,38
-26347084,157
-26374484#0,4
-26406925,17
-264463432#0,12
-26525965,28
-26550964,139
-26551425,4
-26551427,25
-26604694#1,46
-26604697,33
-26625664#1,23
-266854579#0,24
-266854579#2,492
-266920619#0,17
-266920620,11
-26720820,44
-26808870,14
-26876708,4
-26876712,11
-26975080#1,25
-26991766#1,121
-27058015,364
-27058055#0,29
-27058055#1,14
-27093182#2,35
-27102107,60
-27106319#3,3
-27106319#4,4
-27106319#5,4
-27116161#2,823
-27116221#0,5
-27120629,14
-27154461#0,9
-27155064#0,4
-27155064#1,7
-271674187,12
-27323686#1,5
-273390876,12
-27361815#1,18
-27370704#2,11
-27370704#6,13
-27370894,32
-273941588#0,10
-27474907#0,13
-274754088,35
-27569338#1,5
-27581181#1,18
-27581181#4,18
-27600362,24
-27606517,25
-27807817#0,31
-27840438#1,29
-27840663#3,27
-27840663#9,52
-27854198,22
-27864961#1,60
-27944009#4,84
-279542287,119
-279580370,42
-27959249,69
-28048692,15
-28100655,449
-281059229#1,43
-281059230#0,85
-281059230#1,28
-281059230#2,8
-28131584#1,42
-28131589#3,14
-281617570,130
-281631708,99
-281631710#12,12
-281631711,51
-28196824#0,5
-281982072#0,33
-282034016#2,63
-282034016#3,44
-282047688#0,20
-282047688#1,31
-28215034#8,10
-28231957#0,6
-28241306#2,42
-28241308#5,30
-28251487,5
-28252934,143
-283006417#2,17
-283311193,89
-283317448,143
-28362838#0,70
-28413555#0,163
-28429400,82
-284494942#2,14
-28497262#2,27
-28502721,18
-28540906#2,51
-28581615#0,12
-286198247#0,12
-28654915#1,79
-28654915#2,55
-28658317#0,250
-28671480#2,132
-28671480#4,8
-28698789#2,7
-28776536,152
-28789621,28
-28793517#0,2
-28809221,70
-28829858,5
-28961510#0,12
-28983637#0,14
-28985826#0,4
-28985826#2,100
-290075136,19
-29024753,39
-29110373,13
-29110374,22
-29201098#0,57
-29201098#2,118
-29212660#2,79
-292215372,10
-292429063#1,55
-29247084#1,40
-29277662#1,31
-29311546#1,11
-29311550,59
-293138567,40
-293319599#3,36
-293348724#1,8
-29392107#0,19
-29421665#2,6
-29435079#3,85
-295155695,136
-29545778,15
-29546408,14
-29560616#2,72
-29565645#1,38
-29574494#2,109
-29606360#3,5
-29606360#5,21
-29699810#0,40
-297060624#0,21
-298830253#0,94
-30082799#0,40
-30082800#7,108
-30084960#2,58
-30084960#5,93
-30084960#6,69
-30095095,23
-30100893,9
-30140818,9
-30189015#0,27
-30193692,52
-30218983#2,19
-30218983#4,28
-30264780#11,13
-30264780#6,200
-30264780#8,48
-303591199,6
-304338418,10
-304377519#0,36
-30475153#1,5
-30602887,46
-30610206,7
-306713742,110
-30674136,421
-30699235#5,37
-30699235#6,35
-30705441,98
-30706022,2
-30706065,249
-30711864#7,15
-307811931#1,4
-307811931#2,12
-30788795#1,15
-30813769#6,4
-30818727#2,72
-30825103,367
-30829918,93
-308319504,8
-308319508,32
-308319510,143
-308319513,200
-308319515#3,2
-308319520,2
-30899535#0,35
-30899535#2,9
-309207211#0,11
-309522104#1,10
-30958679#1,75
-30958680#0,130
-30958680#1,263
-309998157,97
-31003576#1,12
-31012190#1,78
-310306837#0,240
-31065038,73
-310773558,6
-31091036#4,5
-31098742#2,16
-31099402#1,27
-31103020#0,2
-31128994#4,38
-312249607,26
-312541896,88
-313302634#1,50
-31345607#3,171
-31345607#6,123
-313917246#2,6
-313917248#5,23
-314415495#0,160
-314415495#2,112
-315214529#0,26
-31521759#0,21
-31521784#0,27
-31521872,12
-31523316,22
-31525839,157
-31565696,44
-31579040#2,1
-31579599,56
-31579602#1,23
-31587688#7,21
-31621015,168
-31748765,32
-31758906#0,38
-317683531#1,138
-31774351#2,18
-317863880#1,248
-317948766#2,71
-318138851#2,9
-318210378,12
-318434639#3,282
-318434642#1,88
-318859188,47
-31970737#1,2
-32008925#1,48
-32034956,11
-320414942#1,20
-320414942#2,28
-320823303#0,147
-320823311,121
-321744771,98
-32196976,69
-32196978,241
-32197350#0,22
-32197350#13,8
-32214701,61
-32235553#1,18
-32235554,84
-32359106,25
-32442264,51
-32458157,24
-32499438,4
-325000951#1,85
-325017298,55
-32555844,26
-32619003,55
-328064917#2,28
-32812862#1,22
-328253843,18
-32844422#0,13
-328465413#0,20
-328465413#1,17
-328638901#3,12
-328776776,20
-328790102,27
-32879634#8,4
-32882577#0,9
-32882577#3,20
-32909625,15
-32911678#3,3
-32936167#3,11
-32936167#4,5
-32936807#4,59
-32938436#1,57
-32975880#0,15
-32976592,7
-32977011#2,6
-32986101,15
-330119107#0,9
-33055382#0,9
-33066933#2,80
-33078338#1,11
-33079043,82
-33079951#2,5
-33079951#3,19
-33080870#0,12
-330929805,133
-330951967,59
-33114556#5,7
-33114922#0,87
-33114922#1,30
-33115443,58
-33116304,19
-331318343#0,82
-331703881#0,13
-33227987#2,108
-33234937,60
-33234959,126
-332561057#3,3
-333118502#0,257
-333607500#6,9
-333607511#0,11
-333607511#1,11
-333626093,19
-333626108#0,21
-333626108#1,22
-333626108#2,27
-333626112#0,9
-33389695,44
-334308450,140
-334355605#0,86
-334355605#1,49
-33455347#0,15
-33455347#1,23
-33455347#2,16
-33465131,40
-335239868,1058
-335396339#0,15
-335396339#2,6
-337967751#3,13
-338078853#0,15
-338078853#1,12
-338078854#0,5
-338316875#2,24
-338412122,5
-338468810#2,13
-338546087#1,28
-338690995,15
-338690998,36
-33882034,5
-33889835,8
-33914131,29
-33917993,83
-33969913,159
-34024122,17
-34037276,56
-34074958#2,10
-34074971,9
-34104008#0,10
-34122859#0,33
-34122859#3,14
-341962450,57
-34220874#1,228
-342368257,18
-342876755,16
-343614201#2,8
-34376235#1,23
-343846287,41
-344005563#0,8
-344072934#0,89
-34419140#7,52
-344680962#0,18
-34488583#1,14
-34551134,44
-34561372,14
-34571334,356
-34580796#2,95
-34580796#6,19
-346234392#2,36
-346861805#2,12
-347457860#3,8
-347457860#9,95
-34822331#0,8
-34822333#7,46
-34822334#0,32
-34822335#0,36
-348979676#0,3
-35149993#0,10
-35149993#1,3
-35149993#2,16
-354645907#1,25
-354907570#3,39
-35554229,16
-35559688,114
-35572404#9,10
-355736433,10
-35576598#1,16
-35576657#1,22
-35577030#3,7
-356359316#1,43
-35813430#3,41
-36125241#1,13
-36194412#0,19
-362325193,9
-362479315#9,31
-363784099#0,7
-365020881,9
-365829349,5
-367256836#2,52
-367277636#0,41
-367355785#0,18
-36738527#4,4
-36738532,2
-36932429#0,115
-36969670#1,21
-36987811,5
-36993379#0,11
-370022541,78
-37013601#0,10
-37036476,106
-370405123#2,112
-370584750,172
-370590094#1,16
-370608055#1,81
-37077530#0,6
-37137795,1710
-37142124,33
-371851634,57
-37282764,15
-37291757#3,62
-37292253,64
-37292254#0,35
-372950038#0,106
-373625574,8
-373625576,6
-37426244,22
-374344534,9
-37555146#1,67
-375711163,139
-37609022#1,33
-37638503#3,88
-376730202#1,13
-37736292,9
-377388186#2,102
-37739363,465
-37764670#2,219
-37774725,20
-37835088#1,109
-37837031#0,16
-37894323,35
-37906672#3,120
-37906673#3,25
-37910700,58
-37953230#1,567
-379986573#2,101
-38082396#1,8
-38082619#1,43
-38145762#1,21
-381569873#2,14
-38159999,24
-38168755#2,16
-381777622,77
-38227892#0,8
-38227892#2,3
-38279333#1,53
-38279334#0,70
-38344693#2,10
-384222461,41
-384416315,7
-38507369,42
-38523780,150
-385969254#1,300
-386592868#3,207
-386822748,19
-387205287,49
-387478999,5
-38763871#3,13
-387892378,73
-388002757,22
-38886346,14
-38914937#2,41
-38915289#0,10
-38915289#1,12
-38915290,4
-39010716#0,10
-391407797,80
-39166056,22
-39255623#1,11
-392739719,9
-39499458,11
-39599592,58
-39656558#0,161
-39775787,141
-39839436#4,33
-39981589,28
-40020707,95
-400740363#0,12
-400740387#0,7
-40155528,23
-40155546#2,34
-40191598#1,6
-40267306#0,17
-403736227#1,19
-403736236,11
-403736238,21
-403752974,162
-404275281,28
-4045655,32
-404647410#3,9
-40520559#0,10
-40520575#1,21
-40563015,29
-406201948#1,340
-4067941#0,13
-4067955,24
-4068030,20
-4068083,37
-4071972#0,40
-407946692#3,440
-40816690#2,317
-40816891#0,10
-4083461,21
-408709154#1,64
-40904926,16
-409862043#1,39
-41136125,17
-412127616,33
-41340056#1,25
-41350236#0,92
-41350279#1,8
-41350307#0,19
-41350307#1,35
-41413736#0,21
-415858612#2,45
-416514035#2,6
-416657137#0,2
-416657137#1,318
-419014887,45
-41977264,26
-419818728,134
-419961788,331
-420483060#1,6
-42157877,22
-42157884,87
-42157902#2,41
-421641771,16
-42245336#1,15
-422923701#2,280
-422992069#2,66
-42346818,9
-423931289,21
-42507101#0,8
-425489133,22
-42599027,23
-42689068#0,7
-42689935#2,52
-42695668#0,20
-42732333,9
-42732336#3,62
-42772459,33
-42815781,19
-42825959#1,8
-428720064,63
-42879426#0,84
-42990009,34
-42990135,17
-43076508#1,14
-43076508#5,217
-43087099#0,9
-431551297#2,27
-431573845#2,18
-4316780,12
-432116461,174
-432205766#2,29
-432205826#2,15
-432427281#1,49
-433933813,20
-43402009,55
-43403697,5
-435358686,47
-435498412#1,17
-4357822#2,4
-4357822#3,91
-4359674#2,47
-4359674#5,12
-4361344#0,13
-436445301#0,27
-4364486#2,23
-43660343,21
-436624329,35
-436633166,23
-4368691,9
-4370509#2,23
-4370509#5,20
-4370509#7,53
-437054303#2,55
-437360302,27
-4375670#1,84
-4377141#3,50
-4377781#2,47
-4378528#2,3
-4378528#6,28
-43796417,144
-4381554#1,9
-4385195#0,29
-4385197,13
-4385198,35
-43870724#0,111
-4387782#2,24
-4387785,67
-4389571#2,26
-439025652,102
-439032718,31
-4391587,25
-439333258#0,48
-4395479#3,259
-4395599#2,63
-4395631,57
-4395632#0,12
-43961041#0,8
-4396235#2,120
-4396420#5,9
-4396421#3,103
-4396528,190
-4396816#5,34
-4396910,234
-4399488,55
-4400157#4,67
-4400974,243
-440342095,150
-440383167,6
-4407114,59
-440866906,12
-4410152,36
-4410412#0,35
-4410412#1,12
-4410415,63
-4410424#2,8
-4410459,20
-4410585,15
-44155098,100
-44166804,12
-4425425,37
-4434001#0,93
-4434408#4,10
-4436793#1,12
-4436793#4,29
-4436877#4,10
-4436882#3,21
-4436882#6,10
-4437114#1,47
-4437114#2,27
-4437135,8
-4437136#0,26
-4437138#4,110
-4437183#2,64
-4437185,7
-4437187#2,12
-4437192,9
-4439234#2,88
-4439333#3,195
-4439618#2,17
-4441937#1,84
-4441941#0,17
-4442071#1,41
-4442078#1,87
-4442087#2,161
-4446444#3,4
-4448879#2,6
-4449164#0,86
-4449164#1,8
-4449360,71
-44603339,67
-4463151#1,4
-4463421,12
-4471990,129
-4474846#1,23
-4474890#1,46
-4478051,64
-447815502,13
-448025886#1,26
-44810506#0,19
-4484065,51
-4484272#1,13
-4486587,61
-4486588,4
-4486590,32
-4486632,118
-4486679,17
-4486680,14
-4486692#3,4
-4489210#5,293
-4490163#2,46
-4490168#3,13
-4490369#2,27
-4490390#4,57
-4490444#0,39
-4491645#3,35
-4491995,22
-4492011#2,95
-4492015#2,8
-4492371#8,14
-4492375,77
-4492376,53
-4494993,32
-4494994#2,12
-4494995,2
-4494996,9
-4495005,16
-4495006,47
-4495200#1,6
-4495206#0,9
-4498149#2,50
-4500152,8
-4500153,34
-4500154,21
-4500156#2,51
-4500194,10
-4500195,11
-450221287#1,17
-4515851#0,22
-4515870,11
-4515872#0,11
-451621867#0,255
-4525482,10
-4525751#0,6
-4525753,8
-4531417#0,38
-4531424,66
-4531490#0,39
-4531625#0,27
-4531634#0,35
-4531634#2,10
-4531677#2,16
-4531696,9
-4531816#2,110
-4534558#0,14
-4535204#0,19
-4535205#2,7
-4535206#0,51
-4535354#2,7
-4535457#2,10
-4535458#2,13
-4535463,11
-45359278,31
-4536910#1,24
-4536945#8,33
-4536962#5,20
-4536962#7,61
-4537027#0,18
-4537083#0,27
-4537262,26
-4537263,50
-4537628#1,17
-4539461#0,29
-4539466,31
-4540033,95
-4540279,72
-4540284#0,8
-4540284#1,7
-4540285#0,16
-4540297#1,155
-4543405#1,44
-4543407,11
-4546470#2,72
-4546470#5,7
-455097481,116
-4553255#0,23
-4553259,978
-4555097#3,13
-4555101,13
-4555237#6,167
-4555279#3,51
-4556841,128
-4556844,76
-455757964,18
-456120243,11
-457373526,16
-4575437#0,12
-4575437#1,7
-4575464#1,10
-4575464#2,14
-4579697#1,69
-4579699,7
-4579720#2,96
-4579851#2,157
-4579877#2,157
-4581765#0,16
-4581767#1,21
-4581767#2,27
-4581768,26
-4581778#3,2
-4581779#0,31
-4581779#1,6
-4581779#3,5
-4581780#2,8
-4581849#1,18
-4581851#0,88
-4581880#3,9
-4581884,53
-4581887,11
-4581967#1,12
-4582011,21
-4582013#1,8
-4583113#2,12
-4583363,11
-4583366#0,31
-4583366#1,7
-4583380,7
-4583385#1,10
-4583385#2,19
-4583401,14
-4585081#0,26
-4585082#2,10
-4585092#0,5
-4586177,124
-4586180,49
-4586182,25
-4586185,33
-4586336,8
-4588079#1,295
-4588870#2,43
-4589065,116
-4589067#2,219
-458915613,55
-458915614,25
-45904914#1,9
-4592757#0,4
-4594026#0,29
-4594026#3,20
-4596963#2,12
-4596985,56
-4597000,8
-4597029,23
-4597032#2,6
-4597254,2
-4597354#2,125
-4597379#3,182
-4597403,7
-4597404#0,18
-4600069,105
-4603313,12
-4603338#2,29
-4603348#1,21
-4603390#1,21
-4603408,101
-4603411#0,4
-4603456#2,90
-4603529#1,12
-4603585,17
-46036312,142
-4605115#1,20
-4605115#2,18
-4605118#0,12
-4605118#1,43
-4605118#2,23
-4605300#0,83
-4606797,230
-4606798,12
-4607070#2,82
-4609186#3,20
-4609187#5,24
-4609195,18
-4609226,14
-46096956#1,59
-4610038#0,7
-4610039,6
-4610042#0,20
-4610047#2,19
-4610047#6,43
-4610047#9,45
-4610130#2,199
-4610131#1,17
-4611714#1,25
-4611860#1,35
-4611867#1,12
-4611869#1,7
-4611885,32
-4611907#4,5
-4612693,25
-4612695#0,6
-4612695#3,41
-4612696#7,38
-4612752#0,60
-4612752#1,57
-4612756#1,5
-4612876,32
-461317444#2,66
-461317445#5,114
-4613299#1,15
-46138135,67
-4614659,7
-4615004#4,25
-4615005#1,12
-4615212#4,57
-4615744,4
-4615781,15
-4615989#2,260
-4616178#4,14
-4616249,62
-4616567,13
-4617308#1,50
-4617319#0,17
-4617319#1,8
-4617322,25
-4617323#1,19
-4618707#0,5
-4618708#1,6
-4618775,129
-4618777#2,24
-4618779#0,18
-4618814#1,18
-4618816#0,17
-4618816#1,4
-461910864,273
-461913502#0,2
-461913502#1,4
-4619358#1,16
-4619374,14
-462058951,103
-4623432#1,6
-4623435#0,124
-4623435#1,7
-462430824,48
-4631710#1,2
-4637773,7
-4637774#1,11
-4637775#0,47
-4637775#1,55
-4637810#0,55
-4637814,16
-4637815#2,6
-4637937#0,33
-4637937#1,26
-4637937#2,20
-4637941,13
-4637943,33
-4637944,23
-46491323,8
-46509265#1,22
-46510898,52
-465830151,37
-465860959,75
-466333680,9
-4663337#4,54
-466425810,26
-4674383,22
-4674694#2,78
-4674694#3,42
-4674699#1,15
-4674699#2,9
-4674701,56
-4674702,12
-4674816#0,28
-4675068#0,3
-4675148,21
-4675215,24
-4675216#1,33
-4675216#2,10
-4675234#3,27
-4675235#1,65
-4675239,24
-4677871#0,37
-4678195,67
-4678199#4,20
-4678199#6,81
-4678204#1,26
-4678318,73
-46829142,6
-4684847#0,108
-4684925#2,48
-4684954#1,12
-4684959,9
-4685626,117
-4685633#0,247
-4685797#0,13
-4685800#0,105
-4685874#0,52
-4685967,115
-4686033#0,18
-4686083,65
-4686109#0,13
-4686462,21
-4686464#1,5
-4686469,9
-4686476#1,16
-4686489,6
-4686490,60
-4687159,26
-4687163,18
-4687303,190
-4687337#2,22
-4689036#2,12
-4689179#0,23
-4689654#1,19
-4693531#0,29
-4693533#1,5
-4693534,19
-4699584#1,6
-4699695#1,14
-4699695#3,15
-469999015,22
-4706348,13
-4706740,10
-4710462#3,10
-471623741#2,42
-4716382,12
-4719082#1,8
-472210036,86
-47267054,44
-47293251#3,37
-4729702,10
-47329046,41
-4733799#2,20
-4733799#3,20
-4734055#2,18
-4734057#1,7
-4740663#0,16
-4752450#4,10
-475519856,16
-475629656,42
-4756339,12
-47586922#2,36
-47586922#4,16
-4763465,51
-4764643,4
-4764683,74
-4764693,15
-4764800#1,3
-4764815#0,67
-4764860#0,8
-4764860#3,8
-4764872#0,17
-4764937,8
-4764940,4
-4764941#2,7
-4764950#0,3
-4764953#0,10
-4764953#1,12
-4765050,28
-4765057,12
-4765357,27
-4765880,9
-4765927#2,66
-4765928#3,58
-4765958#1,20
-4765965,16
-4766079#0,17
-4766087#2,90
-4770321,152
-477491287,21
-477583389,59
-4776148,200
-4776156,26
-4776633#1,4
-4776777,12
-4777033,11
-4777046,38
-4777055#1,11
-4777055#2,7
-4777056#2,79
-4777073,8
-4777111#2,17
-4777117,4
-4777119,46
-4777270#2,58
-4777290,140
-4777305,26
-4777312,5
-4782545#1,125
-478274645#1,13
-478274645#5,13
-4783336#1,187
-4783339#1,196
-4783339#2,22
-4783341,56
-4783342,11
-4783372,24
-4783453#0,58
-4787341#1,28
-4787966,3
-4787967#0,14
-4787967#1,8
-4787970,7
-478836286#0,9
-4788378#1,81
-4788384,32
-4788391#4,31
-4788391#9,124
-4788401,175
-4788410#0,113
-4788414,19
-4788425#0,61
-4788437#0,80
-4788544#1,34
-4788544#2,18
-4788557,102
-4788726#1,17
-4788739#0,3
-4791961,21
-4791965,21
-4792044,44
-4792052,16
-4792053#1,8
-4792054#1,255
-4792072,25
-4792074#2,152
-4792075#2,20
-4792075#3,26
-4792075#5,26
-4792094#1,6
-4792096,26
-4792101#0,26
-4792141#6,10
-4792204,53
-4792246,32
-4792256,21
-4792257#3,19
-4792279,7
-4792284,37
-4792288#0,18
-4792292#1,16
-4796503#4,36
-4796774,101
-4796799,40
-47973244#1,6
-4797951#5,20
-4797954#0,38
-4797962#1,24
-4801736,9
-4801743,61
-4802331#0,72
-4802337,34
-4802344#0,23
-4802344#1,8
-4802408#10,21
-4802408#11,6
-4802408#5,7
-4802408#9,4
-4802549,6
-4802586#0,7
-4802586#1,3
-4802586#2,4
-4802588#0,173
-4802740,24
-4802791#0,25
-4802809#2,151
-4802814,143
-4802824,38
-4802860#0,14
-4802860#2,11
-4804136#2,341
-4804151#3,10
-4804160,51
-4804196,8
-4804482,84
-4804584,9
-4804655#0,3
-4804857#0,3
-4805086,24
-4805434,70
-480722136#2,17
-4810810#0,32
-4810830,17
-481373508,33
-48230567#3,10
-4827291,94
-48273127,25
-4827473#0,45
-4827476#0,31
-4827480#0,4
-4827498#2,1
-4828031#2,117
-4829099#0,47
-4829110#4,9
-4829291#2,78
-483022582#0,7
-48371933,117
-48374823,39
-48406291,12
-4849535#0,1
-485157176,38
-485197148,136
-485711925#1,84
-486418992,149
-4864208,5
-486536470,5
-4871838#1,3
-4871839#1,18
-48743035#1,44
-48743035#6,8
-4881942#2,22
-488351330,7
-48848041#0,577
-48849006,25
-4887457,11
-4887458,4
-4887461#2,31
-48907690,23
-4895109,44
-48956629,157
-4898689#2,241
-49037934,50
-4906395#0,9
-49072463,99
-49163434#4,77
-491636233,12
-49181335#2,18
-49184342#1,16
-4920787,46
-492643593#0,10
-493504227,20
-494694419,16
-495037156#0,76
-495037156#1,60
-495949631,5
-496662788,93
-496931766,166
-49707947#3,92
-4978510#1,25
-4978512#3,59
-4978667#1,64
-4978668#0,6
-4978670,25
-498032674#6,115
-4999758#0,13
-4999762#0,3
-5000127#6,39
-5000127#7,20
-5000165#1,52
-5000177#0,65
-5000181#2,3
-5000363#10,196
-5000504#2,12
-5000572#2,14
-5000768#1,21
-5003462#0,25
-5011319#0,21
-50118308,36
-50160222,107
-5021370,18
-5025937#5,16
-503096340,11
-5037124#1,37
-5037124#2,29
-50434233,75
-50434240#1,37
-5046521#0,82
-5046984#8,43
-5046985#0,8
-5046985#1,20
-5047012,24
-50481674#0,127
-5075951#3,22
-50830991,139
-508518283,15
-508614985#3,13
-5089136#0,84
-5089136#1,50
-5089136#2,71
-5089136#4,36
-5089143,24
-5095433#7,121
-5095583,6
-5095621#11,26
-5095621#2,15
-5095621#5,24
-5095628,16
-5095719,12
-5096141,45
-5096381#2,8
-5096537#0,431
-5096538,35
-5096994#1,3
-5108258#1,28
-5108258#3,31
-5108266#3,176
-5108271#1,785
-5110655,15
-5110663#2,6
-5110667,3
-511352260,38
-5116190,55
-5116191,25
-5117265#0,26
-5117272,30
-5117274,48
-5117633#0,51
-511790628,11
-51218398,140
-5124050,20
-51316705#2,19
-51416823,22
-51423079#0,19
-51570733,21
-515846204,95
-516179491,12
-517170155#0,10
-51863695,20
-518889336,27
-51897615,15
-51897628,44
-519412817,4
-5199719,14
-520760973#1,25
-52104495,54
-52219082#2,56
-52219082#3,43
-52276053,21
-522816508#2,34
-522816509#2,200
-52513361#4,22
-525374656#0,27
-527161303,108
-52719509,33
-52877222,23
-52986134,6
-53064630,194
-53087792,18
-531180926#4,15
-53163726,3
-53357051,16
-53357053#2,25
-53357055,4
-53357056,14
-53542202#1,68
-53574781,103
-53590597#1,26
-536087455,116
-536326239#3,100
-5363316#2,21
-5364044#1,136
-5364954,22
-537457994,214
-538602078#2,9
-538770749#2,46
-540264517,35
-54048878#0,312
-542101123,51
-542983663,20
-543531628,49
-54440179#1,12
-546271344,12
-54672676,11
-54735838,20
-54844576,6
-54892584#2,5
-549424067#1,22
-550128881,54
-550428743,255
-550913970,4
-551258171#1,72
-5545233#1,38
-560339753,21
-561112584,14
-561232825,26
-561463459,14
-56201022#5,326
-56299639,8
-563341815,90
-563494116#2,19
-567597383#0,4
-567597383#1,9
-568748837,22
-576096703,6
-57743596,34
-5786177#0,12
-5786177#3,13
-5786178,8
-578917008,5
-5824336#0,55
-584015467#1,54
-584584290,102
-58534542,141
-58604703#0,4
-58604703#1,3
-58604705,3
-58645817,4
-58700251#2,32
-587687970,4
-587687976,56
-589643562#1,14
-589643562#2,15
-589694463,6
-58980579,40
-590695766,39
-59104200#1,3
-59108146,13
-59109760#1,3
-59207905#0,10
-593476356#6,8
-593501282,28
-593504922#0,76
-593615225#0,32
-59392595#2,197
-59582702#0,26
-595906891,82
-59636540#2,15
-596595674,3
-597889482#3,5
-598579366,3
-599452434#0,13
-6010538#1,10
-6014500#0,39
-60219337#0,12
-60261933#0,4
-603349899,87
-604036520,53
-604036521#0,16
-604036521#1,17
-604058358#0,61
-604058358#3,14
-605022051#1,14
-6058980#0,425
-6060511#1,38
-6062403,64
-6062524#1,110
-6062524#3,290
-6062545,52
-607059677,310
-6073951,29
-607803353#2,12
-60825549#1,12
-60826006#2,5
-60911745#0,14
-60917432#2,12
-60982253#2,76
-610561103#1,3
-610561103#2,3
-610561103#4,46
-610848017,72
-61271551,263
-612748460#1,11
-6139041,100
-6140048#0,46
-6141285,9
-6145494,70
-614705995#2,20
-615403573#0,74
-616267620#1,50
-6177756#3,151
-618056543#0,163
-6181240#3,4
-6183487#3,35
-6196952,3
-619760319,22
-6199043,11
-6199048,51
-620099120,10
-620610855,14
-62114953,17
-622087824,97
-62240975#2,14
-62312775#5,23
-62312775#8,6
-62363402,72
-623949508,7
-6247951,24
-626336925#0,120
-627608830,55
-627841672,12
-627841674,17
-628078311,16
-628222562,5
-628801266,50
-628808812,16
-628862196,21
-628906295,7
-630312673,31
-630315639,63
-630384597,2
-630842192,75
-63124377#3,6
-634415974,4
-636549244,8
-637592833#2,308
-638236411#4,19
-638236411#8,18
-638236411#9,108
-640466944#2,35
-641677281#0,6
-64455479,64
-64455490#0,26
-64772908,27
-648493467#11,16
-648493467#12,32
-648493467#13,24
-648493467#3,6
-650365503,13
-65425837,3
-65426521,17
-655368180,176
-65538633,16
-65706693#2,36
-657255429#2,42
-657333283,63
-659122809#0,31
-66071383#2,70
-66071383#4,13
-660945466,17
-66218888#3,59
-662898872#1,29
-66514425,64
-669052265#1,47
-669433184,150
-670062913,9
-671301953#2,144
-671403219,8
-673529518#0,321
-67406876#0,55
-674133614,41
-674150393,56
-67553868#2,9
-677435912#3,7
-679018417#0,52
-679285267,12
-679517441,390
-68339346#0,7
-683461672#2,27
-683770240,48
-683972874,81
-684189902,4
-68455990,42
-68455992,22
-686166392,6
-68711081#1,38
-688106255,13
-688181267,52
-689406332#2,233
-690708061#1,10
-690708061#2,8
-691544984#2,59
-693195982,5
-693273453,9
-693273454#2,24
-69554067,158
-696734566#0,85
-70415298#1,19
-704271135#2,22
-707977282,2
-708132722#2,9
-71089566,6
-712355888#1,14
-71282503,29
-71527202,102
-71527205,9
-71595980,45
-71596043,256
-71596046#1,21
-71746025,258
-718428121#2,70
-718428126#1,30
-718428129#0,19
-71858116,253
-718809953,146
-71960536,203
-720747084,13
-721729572,150
-721899549,8
-722013115,11
-723007528#3,15
-723757291#0,56
-72442767,49
-725874405,119
-727189420,3
-727709524#0,13
-728132451,154
-729961128,20
-730191117,19
-73057253,23
-73057254#0,20
-73057254#4,11
-732197508,11
-73682384#0,32
-73682399,23
-741106138,248
-744233528#1,18
-744464193,4
-746625193,250
-750020981#2,26
-75066614,8
-751353892,6
-751450815#0,60
-753600444#2,69
-7545433,165
-755946170,52
-75909822#0,8
-759414118,50
-759505899#1,9
-76035216,15
-7606110,17
-7607327,550
-760803014#2,323
-761338628#0,28
-76236116#0,41
-762566715,8
-762951890#2,16
-763475708#1,34
-764003855,15
-7702745#2,126
-7702838,52
-7703443#1,140
-7704559#0,41
-7706080#0,41
-7706224#0,82
-7739794#3,53
-775069623,24
-775625717,2
-778654454,11
-78391568#0,100
-784391565,82
-785006330,15
-785567931#0,23
-785567931#1,89
-785567931#5,719
-785567931#6,14
-785567938,55
-790242202,5
-791027230,25
-7913573,12
-7917219,33
-793161547,6
-793444702,231
-79386019,19
-79426218#2,9
-794782645#2,10
-795574342,17
-79650605,20
-79701272#0,37
-797787879,134
-797787880#0,4
-797792804#0,14
-7989962,14
-799202208#1,2
-7997674,34
-8007326#0,145
-8007327,108
-8008819#5,15
-8014720#4,68
-8014742,26
-802021414,23
-8023382#1,21
-8023538#2,29
-80261810#1,44
-80366517#2,19
-80377020#4,22
-8048597#1,71
-8048606#1,216
-8048737#2,7
-8049678,19
-806123795,30
-806162013,15
-806822590,89
-806903762,20
-807140901,15
-807305562,49
-8074410#1,113
-807826743#0,19
-807826743#1,5
-807826744#0,42
-807826744#2,18
-8080758,82
-808254847#2,5
-8084121,25
-80852553,81
-810343933,3
-8113456#0,86
-8113456#1,116
-8113954,99
-814007277,27
-81414482,59
-81414503#1,200
-81414529#1,18
-81414536#1,5
-814580987,19
-814837809,43
-814837888,12
-814840749#0,13
-814840750#1,29
-814842407#0,9
-815074932,34
-8150977,31
-81535329#0,11
-815558865#1,165
-815559895#6,79
-815559896,64
-815565992,94
-815566011#0,12
-816123581,135
-816236471,10
-816236480,15
-816236485#0,35
-816978351,3
-816978370,6
-816978372,4
-816978378#0,6
-8170379#2,10
-817288930,3
-817288932,12
-817288935,14
-817288944#2,9
-817288958,27
-819029012#2,5
-820474701#2,4
-821100848#0,24
-822674838,300
-824274173#0,30
-82456682#3,149
-824574378,12
-824819925#2,34
-824921529#2,28
-827928527#0,72
-827930694#0,16
-828031456#1,87
-832662826#2,7
-833602340,20
-833602349,13
-833648782,8
-833648783#0,6
-834775952,23
-836354428#0,2
-836498461,170
-836498506,7
-83674803#0,13
-83674803#1,39
-836874709,17
-837147987#0,4
-837200670,5
-837200675,439
-837200678,275
-837376157,11
-837376159,52
-837376160#3,93
-837433796#2,63
-838573083,7
-838809350,19
-838809376,195
-838809377,70
-838809404,57
-839957128,232
-840593692,37
-840875326,17
-840977508,18
-842378643#1,9
-844527462,13
-844527463,5
-844730334#0,71
-845151956#2,55
-845426425#0,27
-845476765#1,34
-845476767,5
-845934549,11
-84793968#3,35
-848132796,5
-849528478#1,63
-849528487#2,77
-849540330,12
-849583680,3
-84960606,82
-851003530,20
-851251671,37
-85127867#0,10
-851436055,5
-851436061,89
-851506421,37
-851506423#0,26
-851552629,4
-851610741,13
-851610758,80
-851979949#0,43
-851979949#1,60
-852118701,56
-852130988,143
-852423324,73
-852787071#0,18
-854964293,6
-856152388#2,42
-856298443,25
-85637556#1,7
-856907670,17
-856945414,40
-85786065#6,11
-858527788#0,1
-85900650#0,123
-85900652#2,14
-85900654,13
-860151161#2,5
-860638033,22
-860638046#2,8
-861068543,4
-86144416#0,441
-86144416#1,17
-862146124#3,14
-862863118,41
-863019363#2,21
-863325968,19
-863348547,35
-863348548,10
-8657069,6
-86571257#13,51
-865872228#0,60
-865872228#2,6
-865933762,12
-86693557#0,2
-86693557#1,8
-867850613#2,13
-869080709,28
-873150441,19
-873593127,14
-874119207,20
-874650461#3,7
-8752808#3,21
-87687993#2,221
-87719965#0,16
-878343305#1,18
-879283064#1,176
-879338195,353
-879462302,53
-879921851,5
-881308807,20
-881598757#0,10
-88416594,196
-88479049,193
-886443882#1,9
-886496546,121
-8873656#0,65
-887514122,80
-8886177#0,8
-889753089#0,9
-890736528,7
-890911547,12
-891225244#0,153
-89185407#2,22
-894555414,17
-89562563,338
-900014245#3,32
-9027328#1,41
-9027972#0,48
-9028861#0,89
-9028861#1,47
-9029357#0,12
-9029666#0,42
-9029666#1,38
-9029894#0,53
-903119451#0,8
-909225672,67
-909291874#0,22
-90966908,64
-91218505,44
-914442411,29
-916158428,14
-9161732#1,7
-918851868,54
-9188885#0,14
-919312584#0,61
-92016886,27
-9227011,1
-922804264,243
-925006200,100
-925189367,5
-926104008,2
-927254775,25
-928653205,7
-928653206#2,15
-928805524,219
-928877897#2,51
-931247567,46
-931709659,25
-93221335,212
-935684025,15
-939734035,90
-940252568#0,24
-942631756,55
-942885485#1,61
-946004039#3,31
-946005913,121
-946438665,4
-947014753#0,5
-947039861,32
-947307092#0,14
-949515802,210
-949605667#2,74
-949605667#3,12
-949912942,49
-951429669,4
-951494194,24
-951750035#0,18
-951803955,6
-952617537,35
-9536456#0,9
-953711243#0,46
-954022219,20
-9562637#1,29
-958268190,45
-95926536#2,25
-9610485#2,139
-961067081,21
-962261271#0,35
-962261271#3,293
-962936966,10
-963909765,85
-964589591,4
-965375516,85
-966685275,161
-966685276,89
-967690964,5
-968087005#1,57
-969212949,198
-969524322#1,80
-969888436#3,7
-9703377,23
-97087347#2,135
-970927982,5
-974093059#1,520
-974196087,137
-974592529,147
-975295127,17
-975440489,16
-975447064,12
-975759018,167
-976829027,12
-977526685#0,27
-978269804,11
-978948745,98
-9794939,58
-979807077#2,16
-979949692,138
-980178508,9
-981973152,134
-981973160#2,28
-981973170,9
-98340714#2,389
-98410015#1,5
-98410017,362
-985049402#0,8
-985567850,148
-9858719,2
-986098313,24
-986098317#0,140
-987011163,21
-987011164,9
-987032897,96
-987920704,20
-98860093#1,16
-9896670#1,9
-9896735#0,29
-9896750,34
-9897271#0,81
-9897271#1,21
-9897283#1,56
-989737330,3
-989737334,22
-989870961,250
-98996700,59
-991150463,19
-991984980,24
-991998632,40
-992395262,26
-9931927#0,43
-9932085#1,28
-9932309,30
-9932925#2,1400
-9933012#0,38
-9933012#1,52
-9933148#2,30
-9934132#1,65
-9934132#2,20
-9934133,24
-9934288,10
-993895128,3
-995462178#2,107
-996365502,25
-99729383#0,14
-998258837,6
-998258847,4
1000268036,6
1000303428,29
1000365270,5
1000655619,5
100100954#0,30
1001050461#2,111
1001828860,14
1001886268#0,7
1001891257#0,13
1002151924,43
1002238496#1,12
1002238499,12
1002385119,104
1002805694,22
1002819153,62
1002890687,361
1002890692#2,36
1003042911#0,72
1003191667#1,49
1003269942,56
10039499,19
1004875835#1,43
1004914192#1,33
1004914205#1,93
1004916654,287
1004930483,5
1005072376,125
1005426176,9
1005461119#1,30
1006750198,36
1006784430,44
1006838225,66
1006838226,8
1006844394,194
100832885#5,5
1008836421#1,90
1009152567#3,7
1009387126#1,48
1009387144,13
1009387184#0,31
10098778#0,105
10098785#3,26
1010328229#0,14
1010468668#0,36
1010468669#0,42
1010818626#0,7
1012346274#0,4
101290092,37
101290094#3,4
101290094#4,9
101290099,30
101290100#1,9
1013331265,4
1013489629,24
1013626045,76
1015320750#1,105
1015444369#0,20
1016866186#0,73
1016866187,11
1016866197,16
1016866199#0,7
1017170775,12
1017579518#1,14
1017767538#0,76
1018884650,21
1018900664#0,4
1018920753,20
1019726738,6
1021876134#1,340
1022434818,68
1022434821#0,30
1022434821#3,270
1023945663,83
1024040655#0,47
1024043831,7
102486213,97
102527800,5
1025418561,18
1026693408,18
10271175,9
1028143972,44
1028649445,134
1029206129#1,180
1029434234,8
1029435691,93
1030698965,12
1030700873,62
10307238#0,12
10307356#0,101
1030929841,271
103096147#2,51
103141587#3,10
1031696076#2,14
1031838777,18
1032351178#3,43
1032944862,30
1033550896,5
103385575,11
103406017#0,28
103453514#0,34
103453524#0,102
1034552986#1,51
1034552987,9
103499522#2,6
103502694#1,20
103502697#0,33
1035748923,111
1035909479#3,17
1035933671#4,155
1035933684#1,39
1036050868,4
1036246986#1,96
103625183,79
103626651,80
103633379#3,45
1036530810#1,57
1036709237#0,12
1038272616#4,16
103844052,42
103844062#1,64
1039459283,8
1040724111,9
1040930909,600
1040934262,85
10416383,64
1041675570,74
1041682298,38
10422407#1,31
10422536#4,80
104229972,65
1042324563,12
1042450101,9
104298880#1,47
1044276065,30
1044393271,13
1044598053,83
1044811486#0,41
1044819397,53
1044820084,24
1047414364,15
104819359#0,49
1050034277,13
1050518022,46
1050528981,38
1050686766,15
1050825903#1,85
1050825904#1,64
1051375206#1,10
1051769792,9
1051828652,5
1052422196,183
1052422199#2,400
1052527295#1,32
1052973717#0,35
105430190,224
1054376581,93
1054644312,29
1054723332,7
1054972930#0,333
1055085393,11
105518285,15
1055414211,131
10559163#4,10
1056194775,45
10564869#0,19
1056612571#0,20
1056612845#0,48
1056615867#1,23
1056631475#1,35
1056708081#3,33
1057064720#3,199
1057138146#0,446
1057183596#0,22
1057185106#0,15
1057192512#2,78
1057209130#0,24
1057528474#0,8
1057545069#3,9
1057576180#1,12
1057592357,17
1057986367,12
1057996181,11
1057996370,17
1058144964,57
1058166479#0,4
1058166660,3
1058216273#2,87
1058512738#0,5
10598760#0,9
106063788,3
1061057026,40
1061554419,90
1061554635#0,45
1062463866#1,58
1062464968#0,65
1062572011,12
1063525528,20
1065275723,30
1065328220#0,1225
1065696541,2
1065916216,84
1065974931#0,6
1066219245#0,85
1066660295,36
1066743703,4
1067161461,5
1067561744,42
1067561749,39
1067561753,33
106838216,84
1068936253#2,66
1069691168,78
1070053897,23
1070053903,46
1070246579,177
1070523757#0,95
1071011884,99
1071216649#1,8
1071289462,7
107178760,42
1071968532,17
1071968533,26
1072185418#0,6
1073083618,1
1074113700,44
1074461068,172
10749447,14
1075090844,16
10755204,4
10755765#3,33
1076416889,10
1076497018,59
1076605684,190
1076616239,23
10775114#3,13
1077567346,35
1077567347#0,87
1077567347#1,56
10776612#2,51
10778576#0,14
1078324508,38
1078538637,100
1078852285,20
1078985030#1,8
1079028822,42
1079094276,15
1079221227,30
1079234592,81
1079316193,389
1079383639,46
1079383678,36
1079385854#0,362
1079442887,59
1079491985#1,70
1079699352#1,20
1079700904#5,8
1079762775,4
1079762805#1,7
1079850783,119
1079985703,49
1080299689#0,47
1080299809#1,37
108037690,85
1080946465#2,25
1081349077,12
1081551643,20
1081598060,10
1081624481,22
1081850442,65
1081891426#0,12
1082080800#2,26
1082236078,53
1082401433,28
1082446504#2,82
1082448514,63
1082537797,185
1082673235#1,14
1082675635,310
1082766333,21
1083602357#0,11
1083617992,2
1083617994,67
1083722318,6
1083745084,5
1083977916#2,52
1084096710#3,12
1084267037#2,22
1084269867,5
1084601712#1,11
1084653601#4,141
1085067059,38
1085176737,13
1085176923,10
1085549742,34
10856951#0,32
10857086#0,248
1085775716#0,11
1085844068#1,13
1086219255#1,36
10863118#1,199
1086341297,14
1086435183#1,23
1086452852,98
10864676#0,78
10864676#3,35
1086945835#1,15
1087139372,61
1087444217#0,39
1087482719,61
1087625055,20
1087671068#0,30
1087866102,98
1087930891#1,100
1088033159,265
1088316482,359
1088320768,10
1088531095#0,130
1088643262#2,240
1088643266,44
1088673123#1,3
1088874800,95
1088883067#0,57
108889724,30
1089023978#1,26
1089457037,10
1089461663,7
1089481116#1,42
1089587364#0,108
1089672835,17
1089680570,4
1089683049,12
1089694877,15
1089726115,22
1089751379#1,6
1089784266#0,87
1089784274#1,141
1089784289#1,18
1090149873,8
1090233550,32
1090404624,6
1090609183,4
1090747843,51
1090809734#0,10
1090928112,157
1091087775,100
1091353196,7
1091600481#1,100
1091804270,126
1091805064,23
1091805065#0,125
1091805072#1,5
1091866611,8
1092052417#1,20
1092055351#1,10
1092056261#2,7
1092598848#0,20
1093036416,379
1093127141,179
1093161113#4,68
1093292968#1,62
1093323853,78
1093548834#1,8
1093549489#1,19
1093550587,34
1093565984,7
1093614738,75
1093740379,90
1093740391,5
1093767401,15
1093802869,12
1093907216#0,44
1094234064#1,7
10943732#2,60
10943907#1,77
1094715094#0,36
1094718916,29
10949629,20
10950296#1,35
10951433#1,13
1095165521,15
10952802#1,5
1095295160,62
10953321#1,62
1095365670,8
10953662,155
1095395134#1,21
1095395135,7
1095395146,17
1095395147,18
109541372,27
1095524703#1,276
1095783284,39
1095918847#1,8
109612314#0,13
109612319,14
109612320#1,27
1096229596,58
1096313662,12
1096656032#0,155
1096666763#1,184
1096685313,13
1096709530,11
1096709571#0,90
1096750782#1,37
1097223934#1,37
1097304405#1,55
1097421915#0,113
1097714081#0,22
1097852234,25
1097940653,26
1098447838,4
1098504186#1,74
1098566017,58
1098566211,98
10989838#0,12
109918087#0,5
10995524#0,50
1099633806,23
1100621143,12
1100630650,11
1100646679,96
1100646845#0,132
1100646921,107
1100713916,48
1100717693#1,19
1100717698#1,8
1100784730#0,49
1100785762#0,8
1100788308,24
1100788994#1,93
1100790852#0,31
1100791960#0,8
11008433#2,4
1100888909#1,15
1101002048#3,94
1101007944#0,39
1101009970,33
1101010196#1,4
1101032975,13
1101061468#0,8
1101062627,22
1101062840#0,13
1101064651#0,4
1101064702#0,102
1101065276#0,68
1101066291,10
1101066494#0,13
1101066499#0,39
1101072354#0,41
1101083864#0,28
1101091275#0,9
1101139243#1,7
1101180375,25
1101184951#0,43
1101185429#0,221
1101185578#1,479
1101186135#1,170
1101188857#0,31
1101189219#0,9
1101200332#0,13
1101201657#1,46
1101202382#2,14
1101202385#2,30
1101274258,11
1101284868,15
1101331451,51
1101406281#2,12
1101406282#1,16
1101406284#2,24
1101407068,61
1101407069#1,22
1101408465#0,30
1101408690#0,2
1101424507#1,3
1101448293,9
110149631#4,6
110149634#0,43
1101908062,52
1101926472#0,7
1102212774,953
11022844#0,26
1102365436,37
1102368168,35
1102369600,57
1102369964,21
1102369965,40
1102369977,24
1102369980#0,44
1102369981,29
1102370583#3,14
1102399638#0,168
1102406191,249
1102407839#0,19
1102409587,71
1102434959,144
1102434981,51
11024426#1,8
11025429,19
1102619991,43
1102680118,71
1102685349,5
1102712839#0,127
11027915,9
1103167081,19
1103229835#1,10
1103274720,20
1103306446,6
110335777#0,15
1103855972,17
1103856212,9
1103952105#1,8
1103955055#1,43
1104422600,18
1104460750,14
1104706495,10
1105269624#1,95
1105303859,35
110549421#0,7
11055330#0,17
1105626010,31
1105631677#0,15
1105631678#2,53
1105815307,32
1105894357#0,14
1106097329#1,140
1106098732#0,24
1106127828#1,13
1106512960#0,4
1106512960#3,24
1107024925#1,11
1107026258,248
1107087161,13
1107088290,13
1107176298#0,114
1107180848,10
1107180851#2,20
1107334268#1,13
1107334269,156
1107584536#0,85
110767231,12
1107682057#0,32
1107735411,10
1107927493,25
1108013674,5
1108127007#0,108
1108161978,10
1108163177,16
1108164794,13
1108381539,13
1109010868#0,154
1109112309#0,11
1109112309#1,18
110934514,81
1109545985,110
1109632977,9
1110076474,52
1110195551,57
1110308097#1,11
1110380356,5
1110388547#0,98
1110388548#0,20
1110388720,5
1110408251#1,25
111047836,5
111047837,26
1110503797,24
1110537534,59
1110752486,13
1110752772,11
1111488434#1,7
111172067#1,53
1112121581,66
111265282#2,12
1112702290#1,15
1112702299#1,41
1112702559#0,5
1112702601#0,135
111283473#1,5
1112993192,18
1113396566,13
1113400536#1,5
1113401735,64
1113409991,6
1113425374,111
1113537194,126
1113537198,121
1113551091,8
1113560176,1
1113737284,18
1114997731#2,402
1115307108#1,6
1115511549,16
1115540124,5
1115709523#1,52
1115711290,12
1115801040,7
1115801041#2,5
1116026482,40
1116192233,4
1116192241#1,203
1116255691#0,42
1116278984#1,67
1116332168,40
1116425695#0,97
1116438946,5
1116438958,46
1116571742#0,15
1116745334#0,9
1116876543,8
1116986365#0,8
1116986776,115
1116986933#1,29
1116988863#1,109
1116988865,20
1117071663#0,78
1117242990,22
1117243987,16
1117261695#0,16
1117261695#1,4
1117262057,30
1117347859#1,25
111740159,5
1117478685,11
1117478686#1,15
1117478687,5
1117560212#2,30
1117569918,8
1117582509,32
1117605675,65
1117643775,30
1117643776,78
1117752161#0,14
1117795449,13
1117926301,13
1117965354,20
1117968332#2,5
1117976077#1,27
1117976084,27
1118014646,41
1118015855,186
1118064011#1,64
1118165316,10
1118174957,13
1118457092,9
1119174698#2,12
1119174710#1,53
1119174727#4,3
1119174728#4,25
1119179102#1,33
1119189331#1,12
1119189343#1,7
1119244717#1,13
1119244728#1,45
1119245150#2,48
1119245157#1,13
1119380945#2,149
1119380959#4,241
1119390145,824
1119567875,12
1119622011#0,32
1119962237#0,15
1119962385,31
112003898,14
1120138228,51
1120268404,18
1120450851#1,16
1120750105#1,11
1120853671,9
1120862993#0,50
1121026016,29
1121026017,4
1121190726#0,28
11214448,2
1121647382,55
1121919121#1,12
1121919123,9
1122150198,8
1122284333,23
1122482150#1,17
1122589168,95
1122600949,12
1122765052#2,12
1122765052#3,9
1122774353,4
1122774359,26
1122779608#1,8
1122784753#1,13
1122926745#0,13
1123020060#1,35
1123020825#1,790
1123196747,43
1123348890,576
1123371451,17
1123795360,6
1123848531#1,9
112408881#1,15
112408881#3,27
1124344223#0,2
112442381#0,30
1124510332,33
1124764661,10
1124991843#2,5
1125003574#0,95
1125003575,8
112509368#0,36
1125226904,22
1125231172,69
1125488651#1,7
1125643774,32
1125710397,10
1125735309,7
1125941202,9
1125943838,99
1125989644,20
1125993738,92
1126029595,38
1126032152,26
1126236181#1,13
11263882,15
11279895,67
112955034,75
11324379,31
113715804#4,52
11376778#1,135
11389571,70
11391926#0,24
11391926#2,35
11405488#0,9
11406674,78
11406684,22
114097468,7
114381360#0,8
114381363#0,45
114381367,86
114433838,23
114658391#0,30
116704038#0,76
117455644#0,12
117915138#0,12
117915139#0,23
118336900#4,136
11845184#1,4
118635979#0,21
118635982#1,110
118635983#1,235
119201851,238
11929567#1,60
119914238#1,83
11993337#0,23
11993538#3,69
11993725#5,177
11993748#0,16
11993748#1,32
122291113,227
122958656,192
12305962#2,79
12305962#3,88
123152818,13
123943327,105
123946512#0,9
123951385#2,43
123951410#1,261
123955029#0,61
124433886#0,11
124457378#0,13
124551393#1,18
124907823#1,103
125190493#0,3
125646613#5,16
125693714,81
126095388,3
126207005,140
12620743,397
12620748,70
12620751#0,87
12622286,106
126289879#0,71
126295932,22
126348151,21
126352571#1,313
126472029,39
126507021#0,12
126507021#1,6
126559272#0,45
126815807,29
126833945,19
126833947#0,31
126836087#1,80
127054759#0,40
127191770#0,102
127191770#2,17
127191779#0,140
128276155,16
128276157,27
128385259,12
128406003#1,62
128454429,32
129413465#1,595
129621746#3,31
130004403,11
130775086,28
130775092#1,14
130785237#0,9
131333251,17
131336286,14
131383386#0,25
131383386#1,32
131578001,4
13222746#0,81
13232333,17
13236305,110
132645615#1,717
133482775#2,4
133643003#1,12
133643005,38
133988458#1,6
133988465#0,24
133988469#1,21
133988495#0,12
135777011,277
135777027#1,37
135777027#6,122
136073775,39
136086599#1,38
13621313,20
136571494,6
136584233#1,70
136699502,100
136814134#0,21
136814967,6
136814977#1,36
137071139#3,16
137071141#2,21
137071141#9,9
137481952,28
137499673,60
13763400#1,15
137685678#1,8
137685680#3,12
137688162,246
137699977#0,58
137715198,200
137733523#0,142
137884043#0,8
137884047#1,17
137884047#2,16
138147741#2,14
138257606,6
138348049#3,11
138515672#0,13
138515672#3,46
138515677#3,52
138515677#4,47
13853633#1,12
138603867#2,32
138611854,278
138614350,34
13862374,10
138861604#0,10
139903208,14
14025483,94
14025485#2,8
140336718#1,20
140336718#2,25
140353223,51
140383153#3,58
140383153#4,20
140549156#0,5
140914766,26
140964910#0,9
141128588,38
14127262#1,8
141476463,14
141574115,229
141806548,20
141968853,17
142018561,17
142059956#2,3
142062901#1,16
142062901#2,34
142064614#1,19
142138182#0,22
142138183#6,23
142150659#0,10
142150660#0,135
142161211#6,8
142161212#0,16
142161213,45
142572168#3,16
142574665#0,37
142574737,61
142575655#3,25
142575656#2,50
142575657#1,7
142575658#1,28
142575662#0,108
142575662#1,10
142575667#0,37
142575685#1,54
142575688#1,18
142575692#2,40
142575694,8
142575699#1,12
142575700,13
142575702#1,19
142575704#3,37
142575704#5,61
142575704#6,26
142576830#3,11
142576830#5,5
142576834#0,11
142593458,4
142594113,16
142594115,9
142721308#0,5
14272826#0,13
142811428#0,15
142963784#0,16
142964434#1,15
143308532#3,108
143308542#0,40
143405006,7
143561452,21
143681196,47
144480007#0,92
144525695,58
14455092#1,99
14471013#1,8
14471013#6,15
14471014#7,14
14471021#3,7
14471022#0,6
14471022#1,19
14471023#0,17
14472761,14
14473884,53
14477523,20
144884824#7,70
144885352,9
144887742,7
144909684,80
144944903#1,29
145009991#2,10
145053411#0,200
145055197#0,188
145149735,103
145485550#1,7
145586617#1,4
145586617#2,75
145586617#6,310
145586618#2,51
145586623,8
145661741#1,8
145662432,23
145671816,103
145671826#1,11
145795412,31
145933306#2,7
145933306#8,23
145933306#9,5
145934343,20
146173530#1,3
146175123#3,48
146384536#4,21
14648925#1,14
14648934,6
146511456#2,20
146511461#1,15
14652679#0,22
14652679#1,10
14652695,39
14652696,17
14674289#1,1
146851760,21
146851761,10
147061003#0,11
147061003#1,9
147061004,13
147163380,25
147330454,6
147399966#1,8
147432154#1,28
147557795,27
147615858,9
147686214,6
14771586#0,109
147859763#1,36
147948799#0,202
147970915#2,21
147970916,74
148032656#3,18
148035228#1,4
148035525#0,9
148060259,9
148074516#0,51
148077409,34
148082122#0,17
148083732#1,14
148083739#0,35
148083739#1,14
148085126,7
148086367#0,89
148086369#1,10
148086369#3,9
148090085,25
148091027,7
148093699#0,14
148093700#4,43
148288808,36
148288887,115
148288888,11
148292494#0,64
148295312#2,53
148295314,1
148301546#1,31
148301556,186
148308465#1,33
148308914#0,90
148310743#2,22
148312433#1,26
148325863#0,20
148326359,10
148326362#1,60
148326606,79
148331034,21
148420863#1,16
148614167,21
148626871#0,98
148628967,15
148631575,12
148631925,20
148662257#3,21
148665004#1,4
148665004#2,41
148666044,29
148666424#7,82
148667007,32
148671104#0,5
148671114#2,8
148671114#3,1
148699016#1,19
148699619#0,4
148699619#1,8
148700322,17
148708810#1,31
148789427#0,54
148789440#1,12
148789444#2,19
148790818,11
148790820,145
148808620#0,3
148808638#5,19
149522099#0,86
149522099#2,49
149522099#5,13
149522099#6,45
149549386,46
149611514#0,16
149611514#4,16
149611534,15
149849311,6
149849327#1,58
149849709#0,119
149849709#1,79
149849709#2,60
149957142#0,48
149957145,36
149960598#1,157
149992737,8
149992813,5
150057235#2,6
150062520,12
150062521,61
150105685#0,5
150250090,20
150256321,74
150295648,30
150295788#0,13
150298159,8
150512436#4,98
150512652#0,17
150512829#1,20
150513169#0,34
150513369#0,64
150513369#1,45
150514947#1,332
150519560,116
150682836#0,14
150730433,455
150796071#0,64
150908783#0,77
150916962,19
150928841#0,34
150937212#1,15
151020327,18
151022004#0,13
151043332#5,148
151046060#0,26
151046796#1,8
151237804,38
151237805#0,27
151237836#2,10
151353900#0,18
151353910#4,57
151353923#4,28
151353932#2,13
151354736#2,175
151355528#0,17
151368584,44
151368587#1,31
151368592#3,15
151369396#0,9
151369411#0,55
151369420#1,25
151369420#2,101
151372366#0,73
151456841#4,124
151465238#0,71
151465251#2,71
151570049#0,11
151571094#2,5
151571095#0,26
151571097,64
151571102,20
151618244#1,39
151618244#3,10
151618247,35
151618249#1,60
151618891,3
151619286#0,32
151619286#2,24
151621386#1,254
151627020,15
151627026,56
151627027#0,6
151742395#0,81
151742403#2,21
151742405#0,4
151742436#0,11
151742472#1,19
151742487,92
151742533#1,152
151742533#2,13
151742537#0,6
151743498#0,9
151819916,49
152046230,91
152177243,37
152177252,104
152177648,168
152201909,80
152258292#4,21
152258358#2,14
152258358#3,6
152258391#0,15
152264786#0,17
152264787#0,15
152264795,80
152343392#0,24
152354597#0,59
152354689#0,63
152354689#1,83
15240410,71
152434842#0,41
15245401,30
152466412,25
152466425#1,41
152494944,61
152593439#0,13
152596649,52
152708918#0,38
152832868,11
152832871,7
152832873,81
152863278#5,27
152863291#3,8
152946752,136
152952349#7,24
152953712#0,26
153007849#0,150
153021545,275
153021549#1,62
153151120#0,44
153151222#1,27
153151441,80
153260651#1,8
153260662#0,1
153260669#2,6
153260679#0,13
153372178,29
153372294,25
153604235#1,32
153604247,23
153604248#0,24
153617353,45
153653007,27
153750715#1,5
153947834,54
153947856,15
153947860#2,20
153947934,21
153959871,9
153959904#0,158
153959904#3,50
153959904#4,137
153959908#1,27
153959917#1,66
153959922,30
153959932#3,19
15405396#0,7
154262442#1,15
154381206,98
154381294,7
154483994#1,12
154484610,5
154754266,22
154837267#0,536
154837277#1,56
154837296#0,195
154946533,21
155033905,64
155070193#1,203
155071540,6
155586402,29
155586460#4,46
155586460#5,84
155594912,13
155594913,6
155594919#0,25
155594923#0,5
155594933#0,16
155594938,5
155594947,24
155594966,86
155594973,7
155594979,8
155594998#1,12
155595016#0,4
155605272#0,8
155605276#0,24
155605276#1,11
155605278#2,112
155605294,12
155605308,18
155605316#0,26
155605322#3,34
155605329,6
155605331#0,7
155605331#3,16
155605335#1,15
155605352#0,25
155605352#1,4
155605353,208
155605360#0,75
155605364,3
156045564,31
156132842,19
156132846#3,68
156194820,12
156194826#0,219
156346039#1,23
156346045#0,6
156346059#0,10
156346059#1,31
156346067#1,187
156346071#1,212
156346080#1,7
156346080#5,142
156346083#0,52
156346083#3,60
156346083#4,32
156346087#1,18
156346108#3,13
156350662#1,12
156350666#0,13
156364562#0,63
156441411#1,66
156579467#1,26
156579473#0,10
156579474,14
156579486#0,155
156579486#1,84
156579492,40
156579502#0,33
156579521#2,17
156579523#1,12
156597528#2,10
156597530#0,35
156597535#1,7
156597536,18
156597541,239
156597542,34
156597548,48
156817870#0,10
156817988,10
156952496#0,86
157110895#2,14
157574267,56
157658302#0,104
157658305,93
157856063,20
158184089#0,70
158184100,20
158184101,166
158579651#1,18
158579656#0,35
159296828,32
15973619#0,12
15973619#2,25
15993901#1,4
15994153,4
15994271#0,4
160130942,78
160130955,43
160130963#1,7
160130964,137
160130973,15
160131081#0,186
160343967#1,46
160346478#0,22
160655379,52
16114537#1,54
161241452#0,49
16141447#2,16
161584632,26
161677835#1,14
161755130#1,44
161777868#1,22
16266560,134
16275161#2,21
162964323#1,129
162965649#4,71
16307590,4
16307914,4
16308715,19
16309056#0,14
16309056#1,18
163196852#0,6
163197026#1,7
163208792#0,49
163209069#1,39
163379148#1,3
163385719,30
163507840#0,50
164038937#3,129
164038937#4,128
16416331#4,80
16416877#2,14
16416877#4,11
16416877#5,4
16416877#6,4
16417777,26
16417969#1,14
16418132,61
16418363#0,9
16418363#1,7
16418363#2,15
16418546#0,7
16418546#1,10
16418546#2,28
16418546#3,10
16418700,30
16419109#0,6
16419109#1,62
16419139,17
16419437,37
16419457,68
16419534,92
16419590#1,4
16419741#0,3
16419794,4
16420774,133
16421057#3,3
16421204#1,27
16421242,3
165041612#0,29
165292181#1,26
165885550,6
166095115#1,10
166264426#0,20
166264426#4,86
166294488,188
166482119,7
166645719#4,40
166645719#7,19
166645720#0,83
166973638#0,11
167070931#0,21
167410407#1,88
167410411,3
16750370#2,93
16750375,10
168307259#1,85
168889126#1,10
168903522,8
168913091#0,13
168917746,29
168917748#2,16
168943639#1,73
168978746,30
169201615,61
16942408#0,37
169523597#0,25
169558830#1,48
169564692,326
169658772#0,55
169717723#0,14
169738739#0,96
169738742#0,39
169742746#4,5
169753567#6,22
169755107#0,15
169755108#0,27
169755110,32
169760010#0,6
169760010#3,22
169763711,170
171323621,78
171733375#0,12
172078325#0,9
172183872#0,27
172219122,11
172219128,22
172219133#2,4
172242834#0,28
172242835#0,25
172243640#1,27
172248643#0,12
172274263,8
172274264,6
172274266,2
172274268#0,48
172274268#1,11
172289013,213
172382664,11
172398483,26
172425896#0,10
172425901#0,32
172425903#0,5
172425919,26
172439812#1,90
172655509#0,14
172655510#0,15
17267888#0,35
172920331,7
172921857,40
172922877,13
173064852,19
173066579,4
173210316#2,48
173990557,45
174182908#0,60
174182913#0,11
174182916,15
174392986,180
175081980#2,26
175574445#0,25
175671145,33
175916577#0,36
175916580#1,81
175916624,36
175916627,103
175916632,9
175916787#0,260
176019867#1,16
176031297#1,8
176031304,39
176050263#0,9
176050272,55
176050273,28
176050277,35
176050279#3,65
176089784,74
176187595,16
176187615,104
176195699,427
176753748,93
176922800,21
177599476#0,5
177615723,84
177839806#0,17
177887681#4,32
177887701#0,85
178028209,37
178427797,49
178427798,76
179019680#0,7
179019727#0,33
179164047#1,68
179818692,46
180255986,11
180489197,33
180841972#1,14
18091945#0,269
181407590,7
181472197,42
182106933,27
182575045,14
182603253#8,42
182624147,48
182692409#0,60
182693064,567
182749675#0,11
182944195#1,12
183073681,4
183087822,23
183346840#1,40
183346850#1,7
183346854#0,17
183346854#2,18
183640394#1,9
183765247#0,33
18398010#0,40
18398010#1,36
184567491,20
18467854#2,27
184727726,18
184784222#1,5
184791528,52
184792424#0,14
184792424#1,16
185867136,120
185991439,9
186216342#1,15
186216342#3,9
18631699#1,39
18652303#2,7
186601073,212
18677921,9
187077936#0,22
18830951#0,128
18830953#0,17
18830956#2,8
18833000#0,8
188491275#0,78
188633782#0,17
188865508#0,50
188865509,5
188865521,101
188865525,20
189024466,11
18908132,60
18928583#1,23
18942531#1,55
190130433,70
19064220#4,10
190733386#2,78
190846087#0,78
190928927#0,334
190928927#5,96
190964851#3,62
191256029,8
191525364#0,43
191642219#1,53
191731514#1,9
19200525,17
19211030,50
192347074,5
192498006#1,236
193155120,10
193155124,72
193373939,4
193572041#0,178
19383836,4
19383856,56
19383857,56
193856554#1,23
193856554#11,6
193856554#6,8
193856554#8,10
193875618,595
193875628#0,97
19394869#0,66
19394869#1,3
19394870,27
19394875,43
194024765,24
19402904,10
19402906,61
19402926,18
19404739#0,31
194071690#0,64
194186907#0,232
19431337#0,46
19431372,18
19431482,4
19431915#1,10
19431940,25
19435555#1,4
19435555#2,7
19435640,30
194653028#1,241
194653034,21
195092559#0,12
195092559#2,21
195327014#0,38
195332171,14
195337821#0,355
195344059#0,6
195387466#0,60
195439137#0,90
195439148,40
195441523#1,38
195441525,12
195441530,108
195441537,34
195441538,109
19604050,130
19605971#0,91
196522674,33
19660028#4,11
19660028#5,69
196854803,68
196854807,61
196961376#3,13
19728123,17
19745293#0,564
19745294#0,15
197740391,12
197740392#0,17
197742437,160
19786304#3,12
19786304#4,7
19800046,3
19800239,26
19801644,14
19822674#0,5
19822675,13
19827981,50
19828559#0,103
19828559#3,44
19875859,64
19881557,12
198941799,27
19898264,58
199987282,14
20007264,24
200707868#3,7
200767366,10
200767375,101
20163679#1,46
20163728#1,48
201678613#1,7
201855152#0,15
20207504,9
20207505#2,14
203450551#4,15
203910771#0,12
203910774,14
203910782,36
203910789#3,19
203910792#1,9
203912354#0,548
20415344#1,56
20425707#0,96
20430927#3,101
20431210#1,18
20431210#2,60
20431921#1,119
204721580#7,8
204977490#0,24
205085759,82
20553068#1,26
20557081,83
205989873#3,25
206562460,16
207086007#0,26
207230829#1,5
20834383#4,95
209262337#1,18
209264195#2,25
209264195#3,5
209264198#0,5
210080958#0,269
211118712,20
211486039,195
211486040,18
212452093,115
21261603#0,43
212696034#10,13
212891839#0,25
213528749#0,31
215577412,156
215577414,69
215577422#0,632
215577424,75
215668777,16
215668778,3
215668779,34
215668793,9
21603695,209
216169539#1,50
216169546#0,66
217186460,196
217353497,43
21759542,189
217631783#3,20
21773845#3,10
217878976,10
217878977#1,28
217878977#2,33
21864578,35
219065201#0,15
219201493#0,103
219768777#1,13
219906008#0,30
22026604#0,11
22057175,15
220870851,728
22091601#0,63
22094534#0,23
22094600,54
22095059,9
221735696#1,55
222182354#1,253
222182355,50
222389421,54
223063299,7
223136037,43
223184044#0,16
223184052#1,115
223188527,13
223188529,13
223188530,37
223189888,80
223320625#1,5
223384912,41
224611314,12
224654575#1,26
224731112,31
22566501#1,7
22566537,54
225878745#4,9
22697233,47
226981975#1,19
22721683#2,177
22723999#0,20
22733458#2,13
22749852#0,43
22753314,18
22753315,26
22762354,53
22768986,1
22768993,2
22768995,22
22791312#0,29
22823712#1,4
228335467#0,76
228498043#1,9
228498046#0,45
22874227#2,6
22874239,8
22875216,8
22875386#1,16
22875391#0,13
22875655,11
22875664,17
22875744,3
228838258,13
229228933#0,122
229230092#2,157
229230092#6,465
229232324#2,13
22942683,20
22942821,10
22942835#1,22
22942974#1,17
22945679,8
22956622#0,8
22956964,21
22959737#3,232
22959739#0,125
22959750,64
22962631#1,36
22965573,31
22972470#1,400
22972861#1,1350
22973174#1,4
22981795,82
22984336#0,22
22984336#1,4
23006207#1,26
23006207#2,28
23006340#0,44
23006340#2,149
23008063,37
23008646#0,22
23008698,48
23008699#1,44
23010175#1,27
23033698,35
23037809,69
23041846#1,54
23042005#0,22
23042339,29
23044098,28
23044562,12
23046519,88
23049430,1
23049477#2,73
230611053#0,5
23066578,74
230889216#4,17
23097207,73
23099189#0,10
23100279#3,27
23101091,29
23109069#0,17
23121418,9
23121641#0,6
23121641#1,7
23125638#1,17
23153769#0,27
23157256#0,149
23177391,70
231883017#3,31
231912719,15
23227198#0,9
23229649,7
23248778#3,5
23272812#1,658
23287085,20
23287112,7
23343819,375
233763053,40
233764912#1,23
23382138,39
23382150#3,15
23382155,90
23386522#0,30
23386522#1,6
23389632,262
23389940,24
23389941#1,513
23398380,64
23398383#0,56
23409953,30
23410006,24
23410054#0,18
23410060#1,66
23410060#2,17
23410061#0,26
23410061#1,14
23410063,15
23410070#0,50
23410070#1,11
23424425,11
23424434#0,3
23424483,40
23424516,7
23424609#0,136
23424609#1,4
23424609#2,4
23436561#3,39
23451078,8
23451480#1,12
234796485#1,124
235047941,19
23532229,22
23532560,38
23536577,18
23536598,59
23536762,5
23536846#0,18
23547065,36
23554266#3,4
23598325,14
23609084,6
23609110#1,3
23609115,20
236818204,192
23706838,78
237122662#0,29
23720975#6,73
23722462,62
23722559#0,9
237303965#0,32
23734218#0,19
23734218#1,33
23734219#0,11
23734219#1,4
23735661#0,32
23738636#3,52
23738640#13,33
23738640#6,34
23738640#9,25
237460083,113
23752665,25
23755694,19
23755720,77
23756614,34
237646217,36
23788388,15
23792848#2,14
238070963#0,113
238072168,18
23809468,75
23809678#0,33
23817858,187
23851927,8
23859378#0,18
23859378#2,22
23859442,137
23861004,50
23863131,61
23882493#1,171
23886294#1,4
238990255#1,66
239020851,27
239020957#2,9
23951216#1,9
23983814,63
23984289#1,15
23984630,93
23984655,553
23999010,58
240011621#1,40
24004628#4,6
24026983#0,29
24028197#5,93
24028388#2,66
24028515#2,8
24029407,29
24030133,2
24033317#1,43
24033321#0,9
24033322#1,34
24035202#0,8
24035220#1,26
24036553#1,260
24036553#2,66
24040277,2347
24041366#1,71
24046015,336
24069852,18
240823033,20
240826352,98
240959630,5
240959635#0,5
241187553,156
24159351,36
24159356#1,28
24159378#4,94
24159492,48
24159914#0,14
24160165,6
24160678#0,6
24162107#0,20
24162142#1,91
24166653,9
241770487,63
24204728,76
24204733#2,25
24204796,8
24209176#0,23
24209176#1,32
24209176#2,34
24209429,14
24209462,17
24209620#2,49
24223560#0,37
24304344,14
24304462#3,2
24305644#2,13
24314967,7
24320140,5
24320722#0,44
243461331#5,31
24381738#1,3
24386903#2,18
24389258,5
24389260,11
24389261,4
24389264,2
24461847,16
24468958#0,41
24495448#0,84
24517074#2,333
24531767,105
24540243#0,5
24555764#0,7
24555764#1,10
24560317#0,20
24560317#1,63
24561170,153
24579669#0,4
24579868,4
24580427,3
24580456,16
245852953,68
24586482,8
24594558,52
246049139,144
246049141#1,24
246049143#3,26
246136582#3,20
24614144,27
24615395#0,27
24615396#0,449
24615396#10,27
24619223,16
24619225#0,7
24620015,29
24621798#1,30
24641646,30
24669962,4
24700553#0,5
24700558#4,623
24700857,30
24704435#0,36
24720583#0,2
24720642#1,71
247340732,17
24753529,12
24753573#0,281
24766481,32
24804412#0,6
24837127,50
24844237,88
24889513#0,9
24896152#0,21
24900462,70
24908946,16
24912614#3,29
249163487#2,203
24935824#0,78
24951393,137
24961509#11,14
24974185,51
24985854#2,19
24986658#0,36
24986658#3,13
25000113#0,18
25003544#0,28
25036025#0,6
25042039,81
25042583,6
25045163#0,14
25045163#1,64
25045322#1,8
25070103#1,19
25095142,35
25115162#1,37
25117248,7
25121294#0,31
25121296#5,34
25121300,13
25134568#2,137
25155731#0,29
25178781,204
25198706,72
25199267#5,12
25199403#0,28
25199732#0,12
25199872#10,56
25199872#11,36
25199873#4,4
25205072#0,7
25205078#0,15
25214249#0,8
25214249#1,82
25217949#0,397
25219756#0,25
25219762#1,45
25260861#8,15
25274113,43
25274114,84
25282191#0,50
25283278,67
25289517,101
25294728,86
25296253#1,4
25305306,15
25309640,25
25311765#0,1043
25322187,46
25331371#0,29
25333956#0,30
25343849,27
253513487,137
25356257,125
25356421,3
25367773,67
25368395,65
25374124,122
253772085,32
25378152,106
25394870,300
254099950,32
25415339#1,6
25418284#0,17
25418286#5,10
25418287#4,22
25418579#3,28
25432262,13
25439803,44
25475257,131
25491788,94
25492149,78
25500703,6
25508122,21
25508529,98
255203107,18
255203111#1,53
25527291,30
255373844,25
25538902#0,23
25569510,14
25569707#3,18
25585757,178
25585951,19
25585952#1,16
25598727,44
256478752#0,792
256590468#0,23
25671573#2,7
25684229#0,23
25697595#1,75
257072321#3,16
25712182,4
25719292#0,9
257430316#0,83
257430317,13
25747524,5
25759600#0,45
25759875,14
25762471#1,18
25768166#1,12
25781742#0,44
25784330,56
25793214,28
25793218,404
25795712#0,44
25795795,17
25796874,27
25813924,27
25813940#0,4
25814549#0,75
25814549#1,93
25814981#2,3
258538149,9
25928650,67
25928889,63
25934845#0,21
25939420,25
25958770,60
260589819,15
26071040#3,12
26071043#2,23
26122498,26
26127732,23
26134104,30
26136571#3,127
26139426#0,17
26139426#2,73
26139644#0,26
26141837#0,4
26157303#2,35
261649604#2,6
26176025#2,5
26176072,479
26180781#1,58
26229276#0,70
26236061#0,27
26236456#0,14
26236491#0,2
26236497,67
26314589,18
26321237,7
26338220#0,83
263787931#5,88
26401499,55
26427731#0,149
264308106#0,318
264463432#0,9
26474542,20
26489644,20
26514367,50
26550964,66
26584167,9
26589645#1,14
26595766,147
26604692#0,14
266150543#0,28
26625664#0,33
26633359#1,53
26647595#1,22
26652644,599
26677401,19
26689662,6
26691703#0,19
26691703#1,16
26715381#0,9
26807992#0,127
26808870,17
26824830,45
26842499#1,33
26844977#1,8
26876712,61
26976785,32
26978367,17
26991766#0,28
26991766#1,27
27058055#0,23
27058055#2,17
27093182#1,15
27106319#3,7
27106319#5,18
27116218,11
27116221#0,26
27116947#1,42
27149060,11
27155064#0,3
271674356,150
27260306,125
27273395,54
27279230,13
272870881#0,57
27323686#1,11
27323803#0,24
273700462,390
27370704#2,75
27370704#3,10
27370704#6,4
273735497,39
27403860#0,373
27436216,7
27474907#0,10
27474907#1,5
27491366#0,23
27493498,52
27527987#0,10
27532189,10
27544729#2,7
27569338#1,5
27606517,65
27606519#1,7
27606690#0,23
27607436,24
27637846#0,17
27637846#1,11
27652504,94
276701303,10
27719379,100
27734926,18
277543988#2,4
277548199,22
27807817#0,6
27811428,247
27835189#0,61
27835189#4,22
278354657#1,99
27840438#0,11
27840438#1,18
27840663#0,16
27841175#0,27
27841679#0,12
27841729#3,13
27848138#1,31
27854198,23
27910042,20
27927583#0,13
27942876#1,33
27944007,21
27944192,321
279542286,52
27989797#1,3
28048692,81
28072680,29
28100651,176
28100655,16
28102821#1,68
281059230#1,32
281059230#2,253
281071115#0,44
28131584#0,20
28131589#2,41
281559644,13
281617573,17
281617574,6
28162580,141
281631706,51
281631707#0,14
281631707#1,157
281631712,51
281982077#0,79
282047688#1,55
28237116#1,138
28241308#5,96
28259708,60
28275759#1,8
28275989#1,53
28281159,1
282985769#7,81
283022995#0,11
28311670#2,36
28319546,22
283317443,58
283317446,24
28335665#0,82
283609053#0,4
28362838#1,112
283629035,28
283919523,75
28426119#0,10
28426119#3,15
28426119#5,10
28426119#7,26
284262348,32
28426612#0,27
28426613,132
28426844#0,10
28427149#0,22
284421836,23
284449897#1,28
28490776,80
28496016#0,18
28497262#0,42
28528177#0,84
28536387,18
285484252#0,176
28580795#0,62
28580848,30
28581614,10
28581615#0,4
285823529,352
286062669,24
286535681#2,16
28658317#0,23
28658321#0,84
28670284,163
28671480#3,191
28671480#4,200
28680187#0,22
28680188#2,29
28680190#0,19
28737048#1,12
28776536,70
28818895#1,47
28819512#8,24
28829858,45
28850414,40
28924483,4
28950719#6,22
28950719#7,26
28950720#0,21
28961237#0,16
28961510#1,2
28961532#0,7
28985826#0,3
28985826#1,80
28985887#1,237
28992603,196
28997889,8
290075136,42
290087090,72
29015532#2,36
29110374,26
29113577#0,4
291691899,114
291820804#5,23
291847341#4,7
29201003,23
292519061,12
292525973,113
292526612,212
292532846,30
292532875,82
29277662#1,67
29311546#0,3
29311550,36
29328286#1,21
293319599#4,11
29400740#0,7
29419440,61
29434387#0,30
29435080,85
294556418,16
29490502#0,33
29490504#3,4
29490504#5,18
29491064,15
29492464#4,157
29492467,31
29549160#3,86
29567937#0,16
29572715#1,29
29574494#3,16
29606360#0,8
29606360#5,12
296083006#2,30
29616520#0,70
296599839,18
297059847,8
297138724#1,75
297465352#0,33
297465352#1,21
297465352#2,16
298296732,57
298716470,5
30041977,8
30054300#0,13
30077234#0,35
30077237#0,11
30077237#3,54
30077249#0,86
300806292,20
30081251#2,21
30081411#0,53
30081412#1,36
30082799#0,77
30082800#5,10
30084196#1,52
30084959#0,17
30084964#0,68
30100888#0,10
30100888#2,52
30123979#0,19
30127237#0,16
30130057,28
30134527#0,218
30134530#4,104
30134849#1,50
30134883#0,30
30140807#0,155
30143977#2,163
30144027#0,72
30149228#5,16
30150683#0,75
30150685,92
30150686#1,64
30150687,25
30157290,950
301687329,119
30185207,40
30215766,469
30216111,44
30218983#3,64
302429264#1,57
302429327#0,17
302429334#0,13
302429346,44
30243829#1,38
30243829#3,14
30244893,12
30264780#3,15
304338417,5
304980002#0,12
30501176#0,17
30501176#1,11
305137115#1,154
305137117,23
305137118,41
30555638,155
305608389,41
305801706#1,10
306702294,24
306737091#0,23
30675101,12
30690440,24
30699231,8
30699233#2,6
30699234#3,33
30699235#0,8
30699479,6
30701042#0,34
30701986#0,10
30701990#4,22
30705210,8
30768386#1,4
307811930#1,7
30788795#1,50
308019311,57
30813769#10,11
30818728#0,9
30824774#0,44
308295799,9
30860014#0,141
30884491#1,69
30884493#0,38
30884493#1,28
30885364,27
30899535#1,82
309070518#0,335
309207211#1,12
30948917#3,12
30948917#6,8
30949713#3,173
30949713#4,57
30949821#1,6
309522103#0,36
30956350#9,37
30958680#0,39
309600206,36
30962287#4,16
30962289#9,77
30962392#0,20
30963196#0,113
31002698#2,8
31002701#1,50
31002701#2,113
31003576#1,25
31003576#2,197
31003580,36
31012742#0,18
31012743#2,81
310172804#0,26
310172807,6
31065038,41
31065075#0,38
31065726,94
31065729#0,17
31065732#0,29
31097548#0,18
31099393,42
31099444#1,98
31099800#1,196
31099801#0,233
311149291#1,36
311849552#0,174
311849553#1,11
312901364,141
31302197#0,22
313302634#0,4
31345607#1,43
31345607#3,15
31345607#6,86
31352063,36
31353480#0,215
313917248#2,20
31395259,40
31435536#0,52
314415495#1,16
31484554#1,45
31525765,237
31526265#0,13
31540773#1,299
31578135#2,18
31578378#0,75
31579587#0,74
31579599,6
31586812#1,75
31587688#1,4
31621013#1,16
31621016#1,66
31628701,58
31744272,8
31766746,8
31786256,33
317878311,19
317922820,110
318101025,6
318138834,32
318138855,13
318210376,38
318434642#0,71
318434642#1,115
318552363#0,41
318552367#0,36
318552377,11
318557886,6
318557887#0,9
318658545#0,131
318658545#6,149
318668065#0,260
318859188,106
318886183,17
318886186#1,11
318889281#0,10
318889283#0,31
318889286,19
318889287#5,9
318889288#1,50
31910790#0,132
319525985#0,2
319525986#0,169
319539204#0,73
319605607#0,38
31969210#0,125
32035002#0,25
32035125#0,68
32035125#1,10
32035256#4,96
320414942#1,109
320823303#1,18
32099427,29
32142151#0,116
32142668,77
321744771,13
321845145,158
32196976,16
32196977,91
32215238,11
32235553#1,29
322543956,41
322543960,23
322543966,499
322543974,36
322543975,7
323108961#0,12
32341219#1,17
323528052#0,29
32395478#3,61
32395482,357
32401774#1,35
32486561#1,42
326116285#0,68
32614976#3,38
32614976#4,115
326265133#0,30
32644395#0,8
32644395#1,14
32654704,10
327000613#0,28
327462540#0,35
32813599,6
328408591#0,109
32842049,94
328638899#0,15
328638900#0,143
328638901#0,29
328638908#0,7
32878639#3,11
328790099,8
32879630#0,89
32880569,4
32909212#0,17
32909214#0,15
32909214#5,32
32935987#2,31
32936167#0,13
32936397#1,22
32936807#0,23
32938436#1,11
32954833,48
329733346#0,11
32977011#0,23
329862814,137
330119107#0,6
330119107#1,23
330119110#1,10
33055828,7
330722450#1,96
33076217#1,1636
33079950#1,18
33079952#0,532
33079953#3,19
33079953#4,3
330951949#0,14
330951949#6,29
330951955#0,15
330951957#0,17
330951967,1212
331121193#1,6
331126666,7
33114556#0,42
331318342#0,30
33228714,32
332306825#3,21
33231792,90
33234937,6
332561057#3,18
332561057#5,10
33296124,16
333347376,44
333607500#0,313
333607511#0,11
333607513,6
33361741#4,26
333626103,93
333626105#0,171
333626108#0,19
333626112#0,81
33389695,92
334005607,39
334005613,83
334005620,256
334018086#0,709
334025505#0,224
334355605#2,49
33455347#1,17
335396334#0,22
335396339#1,10
335462887,8
335487059#2,16
335487070#0,750
335684133,20
33611302,8
336567093,78
336567094,141
33681263,49
337366624,62
337540124,5
338078853#0,67
338078854#0,21
338078854#1,11
338468810#2,81
338527877#0,103
338546087#1,15
338687111#0,23
338690996,70
338690998,174
338691006,80
33875276,90
338805745,8
33889835,8
339201221,64
33926788,200
33926790,506
33969913,7
340089611#0,76
340089613#1,93
34024122,20
34035533,70
34037276,23
34057952#3,55
34057952#6,82
34058754#0,21
34058754#1,95
340720877,61
340726966,46
34074958#0,24
34074958#2,10
34074971,167
34079256,7
34104008#0,5
34104008#1,11
341194704#0,49
34122859#1,81
341354240#0,12
341989089#0,60
34220874#1,36
342968607#0,27
34335645,15
34393356,14
34413726#0,30
34419140#6,20
34419140#7,9
34419140#8,35
34428790#5,105
344660198#0,26
344680961,17
344704455#0,19
344704455#1,58
34488583#1,21
34489319#0,130
34551134,56
34562076#1,8
345754464,40
34580796#1,177
34580796#3,31
345817373,18
346234392#0,15
347457860#0,151
34822331#0,13
34822333#4,108
34835387,48
348979676#0,5
34928183#6,60
34944816,55
34950819#1,7
34965649,24
35072915#1,55
35149993#0,36
35149993#1,19
35149993#2,20
351531749#0,5
35154389#0,504
35211114#0,14
35313016#1,80
35313210#7,120
35373236#0,43
354046846#0,167
35406314,14
354110213#0,92
354645902#0,30
354645904#0,117
35470766,100
354907570#0,136
354907571#4,48
35554225#0,24
35559691#2,40
35572404#1,25
35572404#2,61
35572404#5,19
35573860#1,14
35575482,106
35576598#1,529
35577030#2,7
35765122#0,149
35765122#1,107
35813430#1,24
35867462#0,74
35867465#0,145
36003892,41
360677939,58
36072975#0,9
361178576,20
36193087#1,150
36194412#0,150
36194412#1,152
36198925#5,26
362479315#0,28
363443437,47
363553261,8
36381149#0,35
36517135#2,119
36517135#3,5
367277636#0,16
367355783#0,12
36738527#0,14
367799521#2,12
36786796,15
36830368#2,9
36944882#2,57
36954368#1,10
36954368#3,40
36954475#0,52
36954475#1,15
36987812,20
37009750#0,32
370584750,50
37077532#1,2
37142126#1,10
37229268,17
37280438#0,7
37280438#2,8
37287190#0,6
37287198,5
37291473,76
37292253,16
373625573,61
373625578,51
373803344,5
374301095#0,21
374344533,65
374344537,143
374434249#0,57
374434249#1,138
37480386,192
37499145#4,134
37535100#0,13
37535144#0,13
37538588,13
375459782,34
37555146#0,45
37609022#0,39
37609022#2,10
37609022#3,69
37638503#1,167
376677669,17
376720436,235
376720446,354
376730202#3,24
377485132,18
377644583#0,24
377644587#0,51
37764670#0,8
37774725,11
37776973,365
378173217,16
378178049#1,7
378331293,10
37837030#0,12
37853468#0,15
37878081,11
378949093,15
37906671,49
37906672#0,87
37910146,2
37910329#0,13
37910329#2,5
37910332#7,48
37910336#4,4
379156459,103
379506035#0,99
37953230#1,212
379895548,82
379895556#1,20
379986569,11
379986574#0,49
380162915#0,15
380451748#0,36
38082619#3,12
38148121#3,20
381569873#6,68
381816897#0,13
381816947#0,15
38227892#2,10
38279333#0,44
38279334#0,8
38321181#0,57
383317059#0,61
383987239#0,78
383987239#2,543
383987240#3,145
384416315,24
385704147#1,66
385888166#3,88
385969248#0,12
386592861#0,78
386765884,73
386822748,10
38716549,29
38717551,9
38717602,47
387205286,37
38728930#0,107
387454341#0,8
387478999,8
387487577,34
387515183#0,50
387515183#2,28
388141566,14
388146556#0,16
388188274,6
38915289#1,23
38915290,4
39010716#3,5
39070581,24
391493951,22
39166056,15
391866690,24
394353788#2,32
39469709#5,33
39469710#0,40
39469713#0,7
39490173#8,80
395766070#0,8
395766070#2,211
39697744#0,65
397052779#0,8
397826100#4,142
39824226#2,51
39839435,24
39965120#1,116
39965422#0,9
39965424#0,9
39982803,42
400073845#0,288
400740373,6
40155546#3,54
40193017#0,50
40215397,49
403449574,20
403736227#2,13
403736237,13
404275281,8
40438386,17
404402497#0,5
404426090#0,14
404565187#0,70
4045655,3
404580764#0,198
404580768#0,30
40517719#5,5
40517720,10
40520565#1,44
4054013,24
40563015,5
4067941#3,53
4067949#0,63
4067949#1,56
4067949#2,49
4067951#0,38
4068083,64
4068148#0,85
4068159#0,37
4068164#0,247
4068168#3,12
40693086#0,488
407076807,15
407079670,19
4071976#0,14
40816680#1,31
40816690#0,31
40816963#0,10
40816964#0,12
40816964#1,23
40817054#0,29
40817055#0,15
40817795#0,13
408323802,26
4083446,5
4083461,32
408709121#0,25
408709154#0,128
40904927,4
409524988#2,24
409524990,118
409715010,6
409862034,48
41081160,182
41107982#0,38
411728567,95
413337261#3,14
413997566#0,4
41427348,49
414415797#1,13
414415800#1,29
415128136#1,19
415388550,50
41645768,114
416461633,32
416657137#1,96
416763192,15
417687019#1,11
41771243#0,15
41778896#0,27
418365127,116
419014887,55
419731417#1,50
41977264,4
41981540,59
420105285#0,39
420112512#1,21
420492436,13
420497875#0,86
42063768,18
42108304#1,5
42121388#1,12
421287707#0,30
42142368,41
421557818#0,30
42157877,178
42157884,7
42157902#0,26
421844398#0,33
422250308,223
42273619#0,25
422923721#7,33
422992069#1,326
42507101#0,31
425489133,36
425498706#0,45
42689072,40
42689073#1,115
42695668#1,52
42720199,142
42732336#4,30
42748894,4
42749554#0,12
42757172#1,3
427577078,101
42772459,16
42859928,17
42878054,110
42879419#0,238
42879426#1,96
429217919,19
42987999#1,8
42989095#5,53
42989675#1,168
42990078,27
42990153,33
430540201,14
43063529#1,32
431099142,14
431551305#0,68
431551336,201
431571656#0,51
431571663#0,346
431571666,38
431571667#0,6
431571676#0,6
431571677#0,113
43169795,22
431727414,44
431727430,599
431850635,17
431850636#0,6
43198124,9
432205752#1,84
432205802#0,29
43238974#4,23
432427275#0,36
432763465#0,86
432763466#0,39
43286950,25
43332475#2,26
43336758#1,13
43336764#1,64
43376693,40
43402009,74
434584660,9
434881848#0,126
435358670,45
435358673#0,55
435358677#0,12
435358680,59
435717646#1,56
435717650#2,79
4359234#2,11
4359428#0,72
4359604#2,37
4359674#5,12
4361349,6
43619202#1,7
436261317,421
436445301#3,52
436445308#6,59
436445308#7,11
43660343,43
4368687#0,10
4368690,30
436928296,46
4370499,25
4370509#6,26
4370936#2,14
4371002#0,88
437156168,15
437191428#0,7
4372492,44
4372494,28
437656667#3,299
437656682#0,15
4376921#0,16
4376921#1,10
4377008#0,15
4377122,43
4377141#2,68
4377162#1,14
438238614,16
4383283#0,69
4385195#1,7
438655143#1,8
4387782#0,32
4387784,14
4387785,16
4387786#3,5
4388119,172
4389195,14
4389213#2,16
4389604#1,13
4389605#0,25
4389607,49
4392708,33
4394944#0,6
4395057#0,61
4395528#0,207
4395587,48
4395589#0,125
4395632#1,44
4396419,38
4396526#3,13
4396526#5,44
4396636#2,22
4396816#6,11
4397221,30
43974606,31
4397762#1,126
43998934#1,26
4400157#0,83
440033719#0,64
440034430#0,30
4400630,40
440078639#0,108
4401662,860
4401920#0,26
4401967#0,18
44027509#0,19
440342097#0,15
4403708#4,14
4403985#1,5
4405236#2,30
4405257#1,8
4405315#0,46
4405315#2,41
4405315#3,21
4407114,63
440901374#1,122
4410101,37
4410148#1,40
4410419,52
4410424#2,8
4410427#0,8
4410537#0,10
4410537#1,10
4410585,5
44151160#0,437
44166803#0,35
441755602,77
441755603#0,21
4420987,9
4421114#0,206
4424209,5
4424237,130
442720620,139
442737997#2,145
4434002,297
4434384,49
4434408#3,10
4434408#4,37
443530115#0,16
4436793#0,44
4436793#2,24
4436793#3,19
4436795,104
4436877#0,80
4436882#4,9
4436883,8
4436884,17
4436919#0,13
4437117,16
4437118#0,59
4437134,13
4437135,18
4437136#1,7
4437138#0,13
4437139,14
4437183#3,29
4437184,12
4437185,26
4437186#0,17
4437187#1,88
4437187#2,139
4439811#2,41
4439811#6,40
44417234#2,74
4441937#0,47
4442071#0,24
4442076,270
4442081#0,57
4442084#0,7
4442085,57
4442087#3,31
4442099#0,13
4442101,72
4444427#0,26
4444428#2,32
4444428#6,39
4444434,36
4446331,17
4446332#0,6
4446510#1,11
4446513#1,11
4446513#3,88
444656564,20
4446722#4,52
4446798#0,51
4449164#0,5
4449225#1,39
4449438#0,29
4449439#0,15
4449444,10
4453035#0,1111
4453035#6,123
4453036,140
446137794,94
4463464#0,40
4469400#0,19
4469400#2,394
4469401#0,234
447082548#1,44
4471191#1,18
4471282,24
4471965#1,69
4472003#1,8
4472038,28
4474846#1,14
4474890#1,9
4475206#2,7
4475785#0,14
4475785#3,74
448030434,32
448030438#0,100
4480594,8
44807035,168
44832941#0,51
4484023#0,116
4484024#6,33
4484065,7
4484082,33
4484208#0,8
4484272#1,11
4484274#3,3
44845072#3,31
4486583,21
4486588,10
4486589,8
4486628#0,9
4486628#4,19
4486632,10
4486680,19
4486681,7
4486682,8
4486691,14
4488881,139
4488982#1,69
4489210#0,194
4489210#1,198
4489210#5,49
4490162,28
4490163#0,8
4490166#1,28
4490168#1,19
4490168#3,32
4490214#0,89
4490229,87
4490368#1,5
4490370#0,6
4490378#3,29
4490388,14
4490389,11
4491645#1,43
4491986,25
4492015#0,4
4492369#0,8
4492370#0,72
4492375,9
4492396#1,10
4492445,44
4493098#0,16
4493103,17
4493106,101
4493120,82
4493124,58
4494993,4
4494994#0,20
4494995,13
4494996,78
4495000#0,24
4495000#1,12
4495202,7
4495204,17
4495205#0,4
4495206#0,6
4495208,215
4495299,148
4495307#1,54
4497807#3,16
4498149#2,40
449865030#1,16
4500114,117
4500151,74
4500153,13
4500156#0,9
4500156#3,12
4500191#1,37
4500194,51
4500198,8
450182614,5
450221288,70
450358149,311
451445145#0,11
451458153,6
4515847,120
4515851#0,3
4515872#0,8
4515877,13
451621860,7
451881691#2,50
451951302,74
451951303,48
4520038,55
452034823,80
4525444#1,28
4525729#0,53
4525730,16
4525749#1,13
4525750#0,29
4525750#2,9
4525750#5,19
4525750#7,7
4525751#2,6
4525864#2,14
4525902#0,111
4525904#1,31
4525906#0,9
4525907#3,39
4531465#0,7
4531465#2,15
4531469#0,68
4531634#0,19
4531637,16
4531698,35
4531816#0,18
4531818#1,21
4534557#0,23
4535204#1,5
4535205#0,18
4535206#0,21
4535206#1,7
4535355,7
4535435,19
4535457#2,6
4535458#2,16
4535458#3,9
4535461#0,28
4535461#1,23
4535463,7
4536792,27
4536844,20
4536945#8,5
4536962#2,20
4536962#6,19
4536966#1,21
4537027#0,90
4537027#3,13
4537080#0,22
4537084#0,2
4537085,19
4537260,9
4537628#0,157
4538106,42
4539460,57
4539461#0,31
4539461#1,32
4539503,19
4540279,54
4540280,18
4540281,18
4540285#1,6
4540285#2,15
4540286#2,11
4540297#0,25
4543405#0,17
4543406,60
4543407,14
4543567,22
4546289#1,5
4546470#3,8
454730429,25
4550296#2,22
4553257#1,7
4553259,38
4553268#2,17
4553268#4,6
4553968,81
4555099#1,21
4555235,78
4555237#2,10
4555279#5,34
4556843#1,3
4556848#0,14
455953261#0,78
455953261#1,100
455958129,14
456120271,7
4570578#1,11
4571107#0,34
4575470,44
4575473#4,35
4575473#5,23
4579697#0,19
4579715#5,24
4579718#3,27
457983560,11
4579851#0,42
4579860#0,15
4581766#0,20
4581766#1,61
4581767#1,22
4581772#0,33
4581775,116
4581778#1,4
4581779#1,4
4581779#4,4
4581780#0,14
4581845#0,20
4581847#0,44
4581847#2,5
4581849#4,4
4581851#0,30
4581851#7,22
4581854#1,33
4581855#2,845
4581856#0,21
4581858,158
4581880#2,14
4581882#0,4
4581884,7
4581965#1,9
4581965#2,55
4581966#1,27
4581966#2,7
4581966#3,9
4582011,16
4582013#0,31
4582013#1,12
4583120#2,16
4583124#1,18
4583362,14
4583366#0,50
4583371#0,23
4583371#1,10
4583373#0,7
4583373#1,6
4583375#1,25
4583375#2,26
4583385#0,6
4583385#1,9
4583401,15
4585081#2,8
4585082#3,25
4585092#0,5
4586175,44
4586176,12
4586178,133
4586200#2,9
4586214,21
4586245#0,40
4586332#0,256
4586336,98
45875459,17
4588079#0,18
4588215,102
4588224#0,29
4588775,16
4588776,18
4588777,43
4588778,37
4588911#0,6
4588911#4,25
4589067#0,11
458915613,52
458921224,29
45904914#0,18
459221258,8
459346125#1,25
4594026#0,25
4594026#1,7
4594085,37
4594102,28
4594384#4,10
4594652#0,20
4594653#0,25
4594783#1,10
4594894#0,97
4595083,63
4596963#0,17
4596965,22
4596985,8
4596988,50
4597032#0,89
4597039#0,81
4597055,25
4597206,26
4597324#0,135
4597379#1,66
4597404#0,473
4597404#1,18
459811453#0,93
4600067,10
4600235,27
460189449,59
460199643,11
460206977#0,2509
4603313,47
4603350,16
4603411#1,64
4603414#0,106
4603498,32
4603503,26
4603585,14
4603721#0,15
4605113#0,115
4605113#1,41
4605118#0,61
4605118#2,24
4605121,28
460608297,53
4606148,115
4606797,21
4606798,35
4606801,41
4607070#3,72
4609187#3,27
4609188#0,13
4609209#1,4
4609221#0,30
4609221#1,39
4609223#1,62
4609231#2,129
4610039,4
4610042#1,53
4610047#0,15
4610047#4,35
4610047#7,34
4610135,22
46101881,44
4610355,23
4610472#0,22
4611782,66
4611860#0,99
4611869#0,87
4611891,25
4611894#1,55
4611895,65
4611905#2,10
4611907#2,30
4612395,26
4612406,113
4612410#0,45
4612429,20
4612431#0,58
4612432,10
4612693,29
4612695#1,53
4612695#3,11
4612696#4,40
4612752#0,26
4612753,13
4612756#0,19
4612756#1,127
4612761#1,9
461317444#3,14
4614664,36
46150481,71
4615075,62
4615078,215
4615210,58
4615220,17
4615321#1,100
4615404,22
4615497#2,27
4615497#3,28
4615536,9
4615546#1,34
4615624,24
4615780#1,10
4616184,14
4616224,62
4616226#1,63
4616246,18
4616577#1,10
4617307,44
4617323#0,23
461840225,9
461840240#0,38
4618705,20
4618707#0,20
4618713#0,54
4618713#1,85
4618713#4,38
4618809,33
4618810#0,150
4618814#1,12
4618822#1,15
4618828,45
4619863#0,16
462101683,42
4623435#0,8
4623435#1,40
462852145#0,5
4631474,111
4631539#0,24
4631711,22
4631844#2,55
4631873,30
4632783,10
4632784#0,27
4637744,3
4637763,32
4637771,26
4637775#0,38
4637775#1,35
4637808,78
4637810#0,22
4637814,2
46378240,443
4637897,30
4637899,31
4637940#0,26
4637940#1,23
4637941,16
4637943,34
4637944,26
4637947#1,6
4637948,27
463945878,332
464372608,21
4645234#0,9
4645234#1,8
4645566#0,17
46509265#0,60
465740608,6
4662735#0,353
4663347#0,66
46672236#0,5
46672257,4
466886665,197
46696432,40
467184791#0,6
4674699#0,49
4674699#1,26
4674701,81
4674702,33
4674809#9,35
4674812,75
4674816#0,23
4674816#1,215
4675071#2,15
4675154,131
4675211#3,28
4675212,64
4675216#2,101
4675234#2,40
4675234#3,25
4675235#1,9
4675237#1,9
4675255#3,42
4675276,28
4677910#3,10
4678195,6
4678199#2,19
4678204#0,11
4678204#2,43
4678206#0,26
4678211#0,82
4680222,111
4680713#0,77
4684110,48
4684898#2,12
4684903,25
4684924#4,11
4684954#0,51
4685622#1,138
4685633#0,77
4685757#0,111
4685763#1,5
4686032#0,49
4686106,9
4686109#1,9
4686252,8
4686298,79
4686363,18
4686461#1,6
4686489,96
4687128#0,8
4687135#0,83
4687136#0,119
4687247#1,27
4687297#0,39
4687303,138
4687523#0,44
4688811,60
468915494,42
4689177,10
4689491#1,60
4689520,67
4689653#1,18
4689654#2,13
46907545#1,11
4693533#0,8
4693547,25
4694793#1,5
4694937#1,8
4696044,333
4699584#1,32
4699589#0,23
4702373#0,16
4702901#0,200
470494251,72
4706331#1,61
4706334#0,41
4706334#2,7
4706745#0,29
4710479,18
4716396#1,37
472210041,49
4724893#6,16
4729699#0,10
4729702,77
4730086#1,56
4730087#1,172
4733745#0,19
4733799#1,7
4733799#3,20
4733959#0,33
4734059,18
47347071#0,53
47347072#2,24
47419565#0,27
4745653#0,6
4745655#0,53
4745684#1,14
4745685,18
4752451#0,82
4752670,362
4755684#0,8
4755708,82
475629656,14
4756786#0,17
47586921#1,50
47586923,34
47628470,15
4763465,256
4764111,23
4764166,6
4764188#2,9
4764208#0,20
4764655,4
4764689#1,33
4764691,13
4764692#0,21
4764815#0,25
4764860#0,4
4764860#1,27
4764860#2,47
4764860#3,7
4764869,5
4764872#0,30
4764876#0,8
4764925#0,6
4764937,15
4764938,3
4764940,7
4764941#2,10
4764950#2,4
4764953#0,10
4764953#1,16
4765050,111
4765057,28
4765084#0,134
4765357,143
4765671#0,18
4765745#0,23
4765751#0,34
4765927#0,102
4766079#0,33
4766099,42
4766591#1,15
4766593#1,7
477437991#2,41
4776154,20
4776200#0,12
4776656,35
4776663,10
4776777,14
477688035#0,33
4777033,25
4777043,11
4777046,25
4777055#1,22
4777055#2,11
4777055#3,4
4777073,36
4777091#1,70
4777122,88
4777270#2,33
4777305,28
478048069,4
4782467#0,8
4782519,13
4783326,52
4783336#0,283
4783339#1,122
4783452#0,26
4783730#0,40
4787389#0,75
4787389#2,37
4787404#0,205
4787958#0,19
4787966,7
4787967#0,21
4787967#1,15
4787970,6
478836290,255
4788384,53
4788386,44
4788391#0,36
4788391#7,57
4788396#0,128
4788425#1,43
4788443#0,181
4788457#0,91
4788551#3,31
4788738#0,31
4788739#0,8
4788744,18
4790838#0,29
4791961,7
4791962,51
4791986,61
4792044,17
4792054#0,35
4792071,103
4792075#5,11
4792090#1,6
4792094#0,13
4792161#0,56
4792184,36
4792209,4
4792240,78
4792243,25
4792246,9
4792256,5
4792283#1,16
4792284,14
4792288#2,37
4792288#3,18
4792288#4,8
4792292#1,17
4796504#0,26
4796510,9
4796771,257
4796774,16
4796781,21
4796801#1,144
47973244#0,4
47973244#1,12
47974154#0,148
4797951#5,84
4797952#0,14
4797954#2,10
4797958,41
4797962#0,14
4797965#0,48
4797979#0,75
47984349#0,223
479888978#0,8
4801736,97
4801744,20
4802337,3
4802344#0,21
4802344#1,7
480240233,5
4802408#10,28
4802408#5,25
4802408#8,3
4802408#9,7
4802431#1,94
4802435#0,19
4802435#1,14
4802550#0,8
4802554,9
4802581,19
4802586#0,3
4802750#0,60
4802786#0,145
4802807#0,2
4802809#0,178
4802824,101
4802860#3,14
4804118,19
4804119#0,16
4804119#1,11
4804151#4,44
4804160,641
4804196,51
4804666,26
4804672,30
4804857#1,13
4804916#1,21
4805086,16
4807990,2
4808079,102
481841577#1,59
48204103,6
4823201,20
4827291,72
4827462,40
4827480#0,54
482787618,22
4828031#0,350
482983238#0,23
4830085#4,90
48343151#2,42
483483276#0,3
48406291,6
484352976,324
4844875,17
4849535#0,6
485186206#1,72
485708964,40
485795849,62
4858598,33
4859820,112
486330581,628
48638393#0,51
486536470,30
4871839#1,12
48743035#8,262
48802137,9
4881942#0,19
488351330,5
48848041#0,237
48858193#0,6
48859717,54
48859721,77
48859725#0,107
4887458,57
4887461#3,225
4887463#0,41
488951837,37
48907690,101
489299529,52
4894083,14
4895109,31
489593365,6
4898673#0,80
489869811#0,13
48992255#0,71
490326855#0,9
490351845,8
490361980#0,11
490361981#0,24
490372447#0,27
491636233,35
49184342#4,12
492148044,6
492985302,6
493286731,12
493403797,6
493594705,19
493683981#1,127
4937325,17
494694419,25
495037156#1,4
495593034#1,62
496239503#0,8
49676156#0,4
496884167,33
496885675,9
49707679,126
497699540#2,97
497699541,74
4978504,23
4978505#3,8
4978512#3,5
4978668#0,18
4978670,107
498032674#6,392
49919682,28
499658099#1,15
4999744#0,46
4999744#1,67
4999747#2,9
4999754#0,7
4999757#1,73
5000127#1,186
5000180#1,121
5000364#1,58
5000365#1,308
5000365#4,193
5000499,44
500229567,42
5003444#1,62
5008733#2,1
50118308,385
5021374#1,21
5021452#1,35
5021653,25
502176196,125
5025940,270
50283659,12
503096340,50
5032295,7
5037124#1,106
50373272,6
5046428#3,4
5046436#2,13
5047019#1,24
50481674#1,6
505304355#0,46
505475201,15
50691008,104
507152760,27
5075863#2,12
508614988#1,27
5086961,12
50875962,16
5089136#4,20
5089137,13
5089140,60
5094351,45
5095381#5,18
5095383#1,40
5095433#5,4
5095441,4
5095581#0,8
5095584,12
5095621#11,21
5095621#6,5
5095679#2,25
5095718,24
5096381#2,109
5096537#0,132
51007197,30
51009821#0,212
5105671,12
5108187,7
5108203,7
5108258#2,21
5108258#3,31
5108258#5,6
5108266#0,35
5108266#1,37
5108266#2,45
5108271#0,148
51096915,8
5110665#1,5
5110667,12
5110668,5
5110896#1,15
5111673,126
511653655,65
5117259,183
5117267,40
5117273#0,85
5117276,157
5117295,160
5117633#0,15
51196439#0,21
51196439#3,13
5120960#0,191
512523239,24
51260521#1,53
51316705#2,25
5133252,38
5134017#0,31
51511951,25
51570733,33
515989442#2,115
516127730#2,33
516179491,4
51686096#3,405
517489960,22
517550494#1,49
51772490,729
51825054#0,11
51825054#1,8
519717443,35
51980249#0,11
519807532,4
520485512#0,21
520751012,17
5216343,14
5216420,14
5216482#1,21
52344540#1,15
52513361#4,41
52513361#5,11
52524385#1,8
52578335#0,75
528662942,7
528663683#1,86
52877222,27
529086022,33
529086032#2,1
529801426#0,40
52990077,36
531180926#0,39
531912129,548
53224321#0,96
533091316#1,29
533199006,39
533484910,25
53357053#0,55
53357062#0,8
53357388#0,108
53365275#0,13
533943193,86
534144948,40
53458157,33
53574780,89
536327911,7
536327912#0,26
536329729,52
536396623,117
536478504,38
5364943#0,5
5364945,34
53804012,20
538990599#0,5
540175259,29
540264517,17
54039583#0,114
541191221,393
541885615,31
54440179#2,7
546299610,5
547372893#0,45
548994093,128
550086270,9
550600747#0,35
551258170,69
551950267,18
553137241#0,26
553137262#0,20
5545233#1,127
558470687,2
558880597,8
560710114,24
56096800#1,3
561232825,3
561494023,15
562077314#0,234
562166783,113
565388659#0,192
566725541,41
567597383#0,4
567597383#1,9
567597383#2,32
567597390,16
570380694#0,41
570380694#1,40
570388348,27
57388361#1,14
57388361#3,163
57388365#0,28
57388365#4,70
57685001#0,28
57685645,28
57774496#2,24
578235721,44
579047706#0,27
57936174#8,25
57959413,12
580512810#5,93
58533302#0,42
58533484#3,7
58535507,46
58535509,47
58604703#0,12
58604703#1,10
586672525,38
58700252,3
58718433#5,101
587687970,28
589522219#0,24
589687024#0,96
589687024#1,434
589691158,4
589691163#0,50
590695766,106
59104200#0,7
59109759#0,28
59109760#3,45
59156126#0,12
591713659#1,77
59207905#0,46
59207905#3,4
593282581,52
593476356#4,7
593502097#1,12
593746623#0,31
593851894,24
593851923,22
593851926#0,19
593851959#7,62
593851968#2,30
593851998#0,32
593893523,19
59392595#0,20
59458729,12
595154410,35
59636540#3,52
59636549#1,12
597495147#1,18
597889486#0,8
598074991,8
598074992#0,10
600378295,90
600410889,10
60046356,65
60078996,107
6010538#0,18
6010538#1,42
6012432#1,26
60261933#0,33
60261933#1,11
603349899,47
603897822#1,9
604008284,145
604058358#1,25
604236912,21
605101258#1,6
605310092,7
6060597#1,3
6062545,56
60688536,20
6073951,143
6075305#2,7
60762623,5
60762627#1,16
607982159#0,12
6082140#0,14
60825552#0,6
60826006#0,5
6084576,23
60913023#2,32
60982253#0,249
60982253#2,75
610254386,159
610254389#0,799
610255401#0,80
610512291,9
610561103#0,16
610561103#1,21
610561103#2,6
610561103#3,13
610561103#4,21
610847999#1,21
6129649,57
6139041,4
61423390,44
614705995#0,136
616097678#0,27
616097678#1,28
616849209#1,7
6171702#2,68
61737905#0,21
618056545,8
618056549,62
618056551#1,84
6181240#3,7
618274308,13
619455592,175
619455600#0,11
619699888,131
62066032,143
62076385,14
622326987,113
62240975#1,17
62241001#0,49
6229305,50
62319170,75
623919822#0,12
6239619,21
624116231#0,46
624116234,68
624197544#1,6
6247948,55
625747695,6
626420769,50
626859099,91
626979660,35
627608828,58
627779928,22
627826017,2
627841672,2
628098441#1,35
628786750,5
628801265,20
628808814#1,4
63013460,13
630243640#1,52
634037174,15
636854504#1,9
637645130,525
638033635,328
638236411#10,40
638236411#11,44
638236411#9,33
63832360#2,7
638688891#1,22
639493947,6
640473217#0,43
64206805#0,19
64206805#4,19
64206805#6,61
64455478,148
64455507#0,6
647375378,8
64772908,17
64826670,90
648467510#0,62
648493467#5,13
648493467#6,82
649125480,96
651401916,63
65425827,18
65425833,12
655436885,42
657069033#0,196
65707578#0,22
657333283,41
659122809#1,15
65937107#0,5
66071383#3,21
66071383#5,14
66071383#8,17
66218888#1,2
664627929,35
66514425,20
667017075#1,48
67088324,180
671063061,93
672144104#1,110
672958015#1,12
67406876#1,10
674133615#0,6
67523899#0,6
67524735,15
67555337#0,15
677435912#3,6
67835983#3,18
678393123#3,32
679018417#1,20
68210285,6
682423175,45
682423176,44
68455992,5
684968863,19
685111956#0,66
68647309#0,26
68647316,28
686904351#0,10
688053570#1,25
688671074,40
689006789#0,44
689406332#0,137
689406334#0,12
690444798#0,29
690566221,59
690787305,30
691098328,217
691271974,29
69166181#0,19
69166181#2,44
692480569,77
692616658,34
6926776#0,12
693195982,76
693273454#0,12
694484011,5
694507346,29
696732291#0,60
6967855,46
6977357,64
698150951,6
699073593,172
69992969,3
69992975#2,10
70186570,29
70186574#3,22
70186578#0,19
702312689,23
702557463#1,179
702557467,106
703182869,16
703963597,18
703963598#1,18
70415298#0,11
705212990,7
707100745#0,41
708296765#0,16
708595507,41
71028774,16
71143837,15
714728937,44
716599166,26
717177006,11
717478446#2,27
717490209,4
718428124#0,200
718428125#5,12
718428132#6,80
718428136,8
719023969,5
719023970,18
720895636,98
721247136#1,10
721247136#3,111
722013115,82
723007528#0,43
723007529#0,77
72307633#3,22
724621035#5,20
725159875#1,154
725874405,65
72678523,196
727313946#0,10
727581625,81
729367113#0,12
73057254#0,6
73057254#2,12
732197508,23
732746876#1,34
733416791,36
734109536#4,68
73671301#1,56
73682384#0,13
737714165,1
741106136,6
741708105#1,91
741708105#2,37
747291566,261
749567267#0,28
75066614,27
751271855,31
754366713#0,8
7545433,49
754567005,27
75509950#1,11
755551646#1,39
75909822#1,6
759409598,86
761086734#1,192
761338628#1,66
761344047#0,9
761344047#1,13
761344053#1,42
7616780,97
7617142,14
7620920,13
76236116#0,95
76259561,55
762951890#0,45
762951890#2,7
762989127#0,110
763230174,85
763409033#1,19
764003851,37
764024738#0,74
764644561#0,7
764644570#1,9
764644577,5
764644587,3
76963517,115
7702745#0,255
77034461,11
7703927#0,87
7704006,171
7705442,152
7706080#0,440
771241479,133
77370605#1,85
775069623,52
77518546,45
776093907#3,16
776739296,10
776782787#0,5
777325761,13
777345610,9
77791331,122
778654464#4,20
779835107#0,50
779835107#4,48
779835107#6,136
779835107#9,195
779835108#0,13
783332630,4
784873683#3,49
785350748,5
785350805,4
785350820,7
785516226#1,55
785516227,14
785561729,20
785567932#0,55
785783921#1,102
786323857#3,24
790444789#0,49
79131659#1,12
793161547,94
793161548#2,28
79386006,26
79386012#0,28
79426218#0,33
79523623,15
797787880#0,18
797787880#1,27
798541025#0,16
7990010#0,25
7990010#1,17
799202208#1,10
799202208#2,3
799282061,43
799282067,5
8007326#0,68
800756891,13
8008819#0,89
8014720#0,59
8014741,21
8014751#0,70
8023536#0,61
8023536#1,67
8023538#2,23
8025704,4
8039003#0,196
804279760,44
8048737#1,8
8048738#6,20
804908632,27
804991966#0,454
806903754,243
807043983,21
80718772#1,35
807305566#1,101
807826743#1,4
807826744#3,9
8080585,14
808254847#3,7
8084127,4
8084132#9,28
8094229#1,50
8094520#0,25
810076068,26
810787032#4,18
810787036,32
810866164,273
8109650,29
8113459,237
813812657,88
813947554#1,59
814007275,14
81414482,13
8149623,44
8149748#1,82
816236475#0,11
81631453,49
816324762#4,30
816324773#0,102
816324780,168
81639686,20
81641949#1,24
816978398#1,54
816978399,20
816978411,31
8170932#0,29
817288930,7
817288932,5
817288938,26
817288987#1,29
820786217,129
820786218#1,45
820786219#0,146
822066214#0,93
82212046#0,20
822834616#0,6
822834621#0,168
82286834#0,39
823947542#0,6
823947549,21
823947564#0,9
824127301#0,19
824274173#0,36
824274173#1,59
824274180#0,71
824496044,63
824500930,14
824512026#1,9
824542500,16
824574378,15
82467264#3,11
82469454,35
824712376#0,6
824819921#1,99
824819961,107
82533418#0,11
825463794#1,20
827455210,17
827930696,31
827931669,192
828146696,35
828363034,15
829223491,8
830595515,19
831372993#0,32
831372994#0,22
831660641#0,13
831660641#6,22
832017302#0,8
832662793,6
832662810#1,24
832662816,2
832662818#0,11
832691198#1,11
833602351,40
833631560#1,7
833648783#1,79
835135063,9
836498458#1,7
836498474#1,105
836498505,6
83674803#0,13
836953626#0,34
837147970,61
837147988,38
837200668,107
837200685,35
837368617#1,25
837553909,8
838147096,77
838509358,22
838509360,200
838728032#0,16
838728032#1,15
838809375,6
838809410#0,25
839025947,8
839025967,67
83917720,23
839916332,69
839916334,26
839964188,12
840401539,18
840566794#0,16
840566796,5
840593691,10
840657762,261
840875333#1,14
840875334,6
840875347,26
840977509,6
840977569,11
84121757#0,259
84217784,183
844527457#0,8
844539445,12
844547294,63
844639679#1,69
844639684,4
844639711#2,57
844730340,12
845476765#1,2
846724601,6
846724605,17
846732249#2,488
846732253,17
84683831,7
847103786,21
84793972#0,22
84799533,13
848119939,53
849540329,4
849540404,47
849571579#0,10
850002037#1,58
850350919#0,62
8508897,4
85127872#0,4
85127875,14
851288359,17
85129346#2,22
85129365#0,72
85129365#10,66
851979949#1,23
851979949#2,35
852542870,4
85255869#0,15
85278289#0,29
852787061#1,5
853231950#0,42
853231954,3
853231956#2,221
85327967#0,11
85327967#1,17
854698640,33
854964290,57
856043395#0,11
856152389#0,3
85637556#0,29
85637556#1,4
856907669,8
857133862,23
857323380,13
857752725#0,6
858527788#1,5
85900650#0,249
85900652#2,17
860151161#0,44
860227378#0,12
860787064,192
861068542,2
86112092,7
86144416#1,25
862146121#0,220
862863162,55
862875717#0,318
862875718,11
863012363,37
863012366,5
863348518,14
863348519,12
863543057#0,94
863913947,18
865069696,6
865069698,9
865203218,72
86571257#13,4
86571257#9,18
8658090#1,20
865948246#0,242
866088236#1,66
867198933,49
867737777#1,11
868066961#0,33
868066965,414
868066967#0,22
868066968#1,45
868066972#1,14
868079699#0,328
868114085,8
868323229#0,42
868323232#1,86
868347095,9
868401254,129
869018132#0,7
869031643#1,112
870399661#0,3
870399664#0,12
870659483#2,5
871645646#1,17
873593127,9
874079009,915
8752808#1,10
875796572#2,106
875929570#0,31
87687993#0,139
87719965#0,5
8778859,11
87792612,15
87792616#0,59
877999574#3,67
878010569#0,1
878051038,169
878343305#0,8
8784064#0,4
8784064#1,23
8784958,19
8784961,150
878567533,36
8788065,358
879934693,12
879970994#1,19
880516379,22
881155243,62
881263167,2
881505252#2,16
881575686,151
881601534,59
884193134#0,50
884193134#1,19
884193134#4,20
884241051#0,29
88479050#0,51
885200385,42
886496549,15
8873639,29
8873640,13
8873656#0,26
887515382,9
887637452#1,23
887919961#1,5
887919962#3,18
8886177#0,28
889020837,12
889199566#0,10
890911539,28
890925926#2,167
891218723,157
891225245,9
8913248,58
892180284#2,37
894522491,343
894522494#1,125
894522495,117
894522496,14
894555004,192
894661677#1,464
895225063#0,240
895233239#0,66
895233242#0,60
895233247#0,11
895285900,21
896955898,21
897699920,32
89863912,10
899092567,38
899200911,17
899200913,26
899228280#1,110
899241916#0,208
899241924,97
899411171,33
899413470,6
899508816,66
900014245#1,26
900528643#0,20
900636883#2,14
900783991#2,27
901108210,76
901165862,18
901165871#1,40
901165872#0,41
9027972#2,54
9029089#0,108
9029089#1,38
9029666#0,31
9031086#3,224
9031351#0,84
903153497#1,12
903153517#1,282
903602026#1,8
904637010,127
905628643,19
907494338,32
909222808#21,15
909222836,104
909333684,18
909497869,37
909825421,109
909979176,12
910062794#0,20
910439498#2,13
910548624#2,9
910784138,44
911884364#0,25
912265512#0,546
912472831#1,4
913337574,92
914442408#1,2
915515388,199
91643001#0,20
917745997,13
918354971,3
9188880#1,8
9188883,30
9188885#1,10
919084096,28
919976068,17
9227011,14
922804264,11
925546987,35
926104008,19
927465461#0,27
927465461#1,33
927876178#0,3
928836446#1,345
928836450#1,153
928836470,176
928854930,10
928854932,23
928976796#0,38
929287962,42
930349180,229
930703387#0,6
930862557,8
931709659,18
931904230#4,10
931998095,147
93203448#0,74
93221335,225
932662302,34
935471670,21
935471707,62
936211274#2,13
936211276#2,12
93628041,6
936545405#0,19
936571607#2,109
936867379,135
93704161#1,7
93704176#1,83
938252955,17
938252995#1,16
938321032,136
939163874,26
940248280#1,22
941900309,39
941900319#1,30
941966135#0,36
941966135#1,160
941966137#1,65
941966168#0,135
941966168#8,30
942605594#0,46
942605594#5,105
942885485#1,2
94517926#7,65
945223690#0,3
945743575,7
945775969,8
945954403,16
946004038,87
946005913,10
9475895,3
9475950,36
948037483,130
948399787#2,22
948452246#0,55
948456834#1,13
9485559#3,22
9485797#1,49
951429669,10
951750036,11
952126508#0,1
952967072#2,9
9534506#6,34
9536456#1,8
953725016#0,38
953725016#2,13
953725017#0,128
953844849,48
954502237,135
956015874#2,425
956034576,17
956487555#1,27
957017521,220
957024647#1,30
957147363,22
957845668,14
957845669,32
957879346,116
957892645#0,24
9578941,45
959025182,102
9591036,64
959125583#0,18
95928368#2,35
95928371#3,19
959615537,216
959637568,200
959814938,5
959902742#1,12
959902757,10
959902759#1,5
959902777#1,14
959902780,6
959931200,9
959931207,18
959944006,43
960770304#1,84
961185597#2,78
96132193,19
961480860#2,14
961540664#1,75
961540666,261
961719043#1,23
961816639#1,21
962655289#1,45
962783096#1,14
962783100#1,34
962936965,14
962936968,18
962936970,37
963165525,130
96346093,415
963841941#1,32
964171690,42
964171694#2,4
964171703#2,36
96418261#0,24
96418273#2,47
964321909,43
964321958#0,77
964321977,47
964321995,38
964322005,78
964618343,29
964869605#1,5
965983712#1,11
966016856,22
966158287,11
966483434,170
966568558,23
966767171,5
966802050,12
967044749,56
967248336,93
968090552#1,15
968257754#2,63
968257756#0,17
96837219#0,20
969248757#1,31
969882680,63
969987311#1,107
9703377,11
9703378,6
970792692#1,12
970802607#3,147
970998075#1,100
970998095#0,37
971064429,3
971199170#6,21
971199171#1,60
971199171#2,14
971199171#3,187
971297486#0,14
971321594,10
971342786#3,133
971342788#1,11
971617316,2
971869654,72
971893827#0,9
97199614,33
97206935#0,71
973578693,44
974528275,4
974568794#1,10
974592530,10
975216335#0,10
975241319,4
975396929#2,16
975396951#4,68
975440484,46
975447068#0,38
97592184,18
9764964,19
976828999,133
978312140#2,26
979807096,12
979807163,4
979879839#0,16
979949690#0,8
979949690#1,8
979949691,86
979949692,33
980133623#0,238
980136988#0,215
980461490#2,9
980710210,8
981316311,12
981316312,26
981316314#0,25
981958449,1
981973151,432
981973156#0,149
981973157,59
981973165,15
981989031,31
982221213,9
982387175,40
982889183,99
98340714#2,23
984020534,26
984020551#0,147
984020552,21
98410014#1,192
98410014#2,20
98410015#1,6
98410017,146
985049390,7
985049393,11
985055081,24
985468024,22
985468025,35
9859700,5
9861145#0,22
9861145#1,4
9861244#1,15
986957312#1,14
987110635,8
988492910#1,8
98860093#1,23
98889119#0,52
98891328,59
989197855,11
989328497,19
9897283#2,54
989743121#12,20
989743121#5,52
989744644#0,14
989744644#11,27
989744644#7,27
989761830#10,58
989761830#5,16
989774947#0,31
990437548,54
991685264,59
991985158,13
992064244,26
9922980,35
992566523,59
9932079#3,16
9932086,83
9932309,47
9933148#1,116
9933148#3,37
994863622,158
995640368#1,112
995659925#2,84
995843431,42
995913548,26
995913556,29
996075256#1,160
996093080#1,85
997866634,7
997867741,231
998258846,12
99854508#0,9
998661806,293
998767276#0,10
999443854,12
